ncm,valor_antes_tratamento,valor_apos_tratamento,diferenca
00000000,5351569238.47,0,-5351569238.47
00201201,50203.98,0,-50203.98
01012000,21490.96,21490.96,0
01012100,21759945.01,21759945.01,0
01012900,373127295.05,373127295.05,0
01013000,3110756.21,3110756.21,0
01019000,59437845.06999999,59437845.06999999,0
01020000,192569.86,0,-192569.86
01021010,11200,11200,0
01022110,1067584740.93,1067584740.93,0
01022190,12069184863.3,12069184863.3,0
01022911,3635664980.53,3635664980.53,4.76837158203125e-07
01022919,4596312736.57,4598082736.57,1770000
01022990,43250837785.08,43260542232.07,9704446.989997864
01023110,6372563.49,6372563.49,0
01023190,39881771.04,39881771.04,0
01023911,2849478.45,2849478.45,0
01023919,120977453.09,120977453.09,0
01023990,232107565.29,232107565.29,-2.980232238769531e-08
01029000,28914216643.37,28914216643.37,0
01029019,359421.42,359421.42,0
01029090,189735451.3,189735451.3,0
01031000,248658133.5,248658133.5,0
01039100,743959388.82,743959388.8199999,-1.192092895507812e-07
01039200,8968450671.64,8968450671.64,0
01041011,428063.05,428063.05,0
01041019,14829135.14,14829135.14,0
01041090,22925259.35,22925259.35,-3.725290298461914e-09
01042010,149892,149892,0
01042090,1214718.49,1214718.49,0
01051000,19000,0,-19000
01051100,39851.6,0,-39851.6
01051110,38438932.9,38438932.90000001,7.450580596923828e-09
01051190,1294497786.98,1294497786.98,0
01051400,37901.63,37901.63,0
01051500,55719131.17999999,55719131.17999999,0
01059010,38523.22,0,-38523.22
01059400,1992121315.56,1992121315.56,-2.384185791015625e-07
01059900,1376361240.32,1376361240.32,0
01061100,1346450,1346450,0
01061200,3997.6,3997.6,0
01061300,13500,13500,0
01061900,11502797.2,11502797.2,-1.862645149230957e-09
01063100,32762980.45000001,32762980.45000001,0
01063200,400,400,0
01063390,16592793.05,16592793.05,0
01063900,64892073.56,64892073.56,0
01064100,150500,150500,0
01064900,33180,33180,0
01069000,11471825.31,11471825.31,0
01209000,8000,0,-8000
01290000,35617.01,0,-35617.01
02011000,157192884.77,157192884.77,0
02012010,28256064.05,28256064.05,0
02012020,18868436.05,18868436.05,0
02012090,122573607.12,122573607.12,0
02013000,10505990.65,10505990.65,-1.862645149230957e-09
02019000,1770000,0,-1770000
02021000,5617836.12,5617836.12,0
02022010,2238685.1,2238685.1,0
02022020,2710117.879999999,2710117.879999999,0
02022090,10994448.48,10994448.48,0
02023000,7446472.11,7446472.11,0
02031100,6190625.52,6190625.52,0
02031900,4095934.66,4095934.66,0
02032100,16899.6,16899.6,0
02032200,601.89,601.89,0
02032900,212089.09,212089.09,0
02041000,135979.53,135979.53,0
02042200,7700,7700,0
02043000,4800,4800,0
02044200,4000,4000,0
02044300,7956,7956,0
02045000,1079723.39,1079723.39,0
02050000,1048250,1048250,0
02061000,419202.65,419202.65,0
02062100,162070.54,162070.54,0
02062200,632494.8,632494.8,0
02062990,1154242.07,1154242.07,0
02063000,31088633.28,31088633.28,3.725290298461914e-09
02071100,23443787.2,23443787.2,0
02071220,2177090.78,2177090.78,0
02071300,1965270.29,1965270.29,0
02071400,354959.25,354959.25,0
02071411,7448.7,7448.7,0
02071412,456,456,0
02071421,87100.5,87100.5,0
02071423,7600,7600,0
02089000,9097.6,9097.6,0
02091011,816,816,0
02091019,9093,9093,0
02101900,375809.74,375809.74,0
02102000,37097518.66,37097518.66,0
02109911,26417.09,26417.09,0
02109990,779522.21,779522.21,0
03011000,52973.16,52973.16,0
03011110,1225919,1225919,0
03011190,478026.6,478026.6,0
03019290,107534,107534,0
03019310,697699.95,697699.95,0
03019911,64171266.58,64171266.58,0
03019919,66161,66161,0
03019990,3897353.84,3897353.84,0
03019991,47380708.92,47380708.91999999,-7.450580596923828e-09
03019999,18351256.99,18351256.99,0
03021100,336734.24,336734.24,0
03021900,188960,188960,0
03022300,548659,548659,0
03022900,2701029.55,2701029.55,0
03023100,31175,31175,0
03023200,3260350.33,3260350.33,0
03023300,41393549.64000001,41393549.64000001,0
03023400,189285.45,189285.45,0
03023900,7423118.3,7423118.3,0
03024210,1133074,1133074,0
03024290,3446842.36,3446842.36,0
03024300,64569654.54,64569654.54,0
03024400,3617988.8,3617988.8,0
03024500,464658,464658,0
03024600,5619,5619,0
03024700,5954409.05,5954409.05,0
03024910,90090,90090,0
03024990,559850.2,559850.2,0
03025400,2443108.8,2443108.8,0
03025900,4558230.279999999,4558230.279999999,0
03026942,2010543.17,2010543.17,0
03026943,13570,13570,0
03026953,5494,5494,0
03026954,533888.5,533888.5,0
03026955,86.5,86.5,0
03026990,360,360,0
03027100,152868799.36,152868799.36,0
03027210,274288.2,274288.2,0
03027300,68.75,68.75,0
03027400,4994,4994,0
03027900,416249.5,416249.5,0
03028100,3853724.3,3853724.3,0
03028200,35000,35000,0
03028400,6928.5,6928.5,0
03028500,6502,6502,0
03028910,4892475.3,4892475.3,0
03028921,70520,70520,0
03028922,498980.1,498980.1,0
03028931,1701403,1701403,0
03028932,40661122.29,40661122.29,0
03028933,17641300.88,17641300.88,0
03028934,457300.5,457300.5,0
03028935,111328.2,111328.2,0
03028936,890541.4,890541.4,0
03028937,399993.69,399993.69,0
03028938,8629283.83,8629283.83,0
03028942,400593,400593,0
03028943,2720737.3,2720737.3,0
03028944,164910581.19,164910581.19,-2.980232238769531e-08
03028945,4050897.58,4050897.58,0
03028990,59419990.72,59419990.72,0
03029190,7100,7100,0
03029200,17723,17723,0
03029900,3073569.56,3073569.56,0
03031100,2000,2000,0
03031900,529344.71,529344.71,0
03032300,37200,37200,0
03033200,522077.08,522077.08,0
03033900,213075.99,213075.99,0
03034200,580190.4,580190.4,0
03035300,179080,179080,0
03035400,43200,43200,0
03038190,1704,1704,0
03038200,2018220,2018220,0
03038400,7916.5,7916.5,0
03038910,5385915.05,5385915.05,0
03038920,271900,271900,0
03038933,20252,20252,0
03038945,186602.4,186602.4,0
03038951,648499,648499,0
03038952,98115,98115,0
03038953,209249.5,209249.5,0
03038955,93358,93358,0
03038964,2697974.32,2697974.32,0
03038990,1508489.91,1508489.91,0
03039200,5095.2,5095.2,0
03043100,1094568.7,1094568.7,0
03043900,351179.5,351179.5,0
03045100,5833376.11,5833376.11,0
03045300,112100,112100,0
03046100,26292363.43,26292363.43,0
03047900,398,398,0
03048930,344722,344722,0
03048990,1220853.5,1220853.5,0
03049500,2706245,2706245,0
03049900,16811670.22,16811670.22,0
03056300,310128,310128,0
03057100,106715,106715,0
03057200,107746,107746,0
03057900,103729,103729,0
03061710,2321714.81,2321714.81,0
03061990,2082350,2082350,0
03069500,12186580.6,12186580.6,0
03072900,46893.3,46893.3,0
03073900,15000,15000,0
03074200,666640.3,666640.3,0
03074310,15720,15720,0
03075100,288834.5,288834.5,0
03075900,1362,1362,0
03089000,40636.8,40636.8,0
03680360,122678.3,0,-122678.3
03703340,123444.21,0,-123444.21
03920109,2008,0,-2008
04011010,19624060.92,19624060.92,0
04011090,29278042.32,29278042.32,0
04012010,9465697.090000002,9465697.090000002,0
04012090,1920587436.2,1920587436.2,0
04013010,4388.4,4388.4,0
04014010,218867236.29,218867236.29,2.980232238769531e-08
04015010,42821465.28999999,42821465.28999999,0
04015029,15712260.58,15712260.58,0
04021090,960469.94,960469.94,0
04022110,41221365.04,41221365.04,0
04022120,4514832.01,4514832.01,0
04022910,326552.64,326552.64,0
04029100,24595494.34,24595494.34,0
04029900,52504316.26000001,52504316.26000001,0
04032000,595390.4400000001,595390.4400000001,0
04039000,71,71,0
04049000,3708,3708,0
04051000,19855484.69,19855484.69,0
04059090,118642.32,118642.32,0
04061010,4017717.950000001,4017717.950000001,0
04061090,28595900.53,28595900.53,0
04062000,1382.5,1382.5,0
04063000,2747.3,2747.3,0
04069010,1996452.09,1996452.09,0
04069020,3653358.819999999,3653358.819999999,0
04069030,2486952.51,2486952.51,0
04069090,124681.05,124681.05,0
04071100,578209329.9399999,578209329.9399999,0
04071900,84100420.53,84100420.53,0
04072100,5688050867.12,5688050867.12,0
04072900,909618844.48,909618844.48,0
04079000,415289816.5100001,415289816.51,-5.960464477539062e-08
04081100,825081.06,825081.06,0
04081900,3528018.97,3528018.97,0
04089100,286626.39,286626.39,0
04089900,47283298,47283298,0
04090000,299388.64,299388.64,0
04100000,3.9,3.9,0
04101000,22002.64,22002.64,0
04109000,100,100,0
05029010,0,0,0
05040011,2317265849.33,2317265849.33,0
05040012,66750,66750,0
05040013,83521304.16,83521304.16,0
05040090,7699979.96,7699979.96,0
05051000,29410.5,29410.5,0
05059000,2463.4,2463.4,0
05069000,30300.93,30300.93,0
05080000,70960,70960,0
05100010,355004.95,355004.95,0
05100090,427941.4,427941.4,0
05111000,3915770.28,3915770.28,0
05119190,30996.15,30996.15,0
05119910,40128218.06,40128218.06,0
05119920,16140827.19,16140827.19,0
05119991,70066,70066,0
05119999,60877802.89,60877802.89,0
06011000,1169668.36,1169668.36,0
06012000,51551126.51,51551126.51000001,7.450580596923828e-09
06021000,11048745.82,11048745.82,0
06022000,119879716.57,119879716.57,0
06023000,4022451.2,4022451.2,0
06024000,1391.55,1391.55,0
06029010,5589.5,5589.5,0
06029021,85851.4,85851.4,0
06029029,66721525.82,66721525.82,0
06029081,359903433.23,359903433.23,0
06029083,247538879.16,247538879.16,0
06029089,128171423.33,128171423.33,0
06029090,222848502.64,222848502.64,0
06031100,148655693.04,148655693.04,0
06031200,3923897.05,3923897.05,0
06031300,7837736.19,7837736.190000001,9.313225746154785e-10
06031400,172938.7,172938.7,0
06031500,24873053.94,24873053.94,0
06031900,42658548.29,42658548.29,0
06039000,2132857.86,2132857.86,0
06042000,228600.76,228600.76,0
06049000,9385872.810000002,9385872.810000002,0
07011000,175741813.93,175741813.93,-2.980232238769531e-08
07019000,4147217011.06,4147217011.06,0
07020000,1026877436.35,1026877436.35,1.192092895507812e-07
07031011,919817.28,919817.28,0
07031019,498760972.49,498760972.49,0
07031029,3231941.05,3231941.05,0
07032010,24198844.3,24198844.3,0
07032090,1333415337.7,1333415337.7,0
07039010,3463941.42,3463941.42,0
07039090,39967814.05999999,39967814.06,7.450580596923828e-09
07041000,267799716.13,267799716.13,0
07042000,529928.82,529928.82,0
07049000,192852227.13,192852227.13,0
07051100,63196492.73,63196492.73,0
07051900,155908017.59,155908017.59,0
07052100,739908.31,739908.31,0
07052900,20897882.86,20897882.86,0
07061000,786492082.9,786492082.9,0
07062900,4299.2,0,-4299.2
07069000,110133453.05,110133453.05,0
07070000,21170820.96,21170820.96,0
07081000,1390253.38,1390253.38,0
07082000,8314856.81,8314856.81,0
07089000,15318469.25,15318469.25,1.862645149230957e-09
07092000,48796.3,48796.3,0
07093000,9128344.73,9128344.73,0
07094000,1794052.81,1794052.81,0
07095100,4158984.789999999,4158984.79,4.656612873077393e-10
07095200,180,180,0
07095400,14864.48,14864.48,0
07095900,29632282.41,29632282.41,0
07096000,104368942.7,104368942.7,0
07097000,6206861.15,6206861.15,0
07099000,43012.49999999999,43012.49999999999,0
07099090,73380.65,73380.65,0
07099100,53057.14000000001,53057.14000000001,0
07099200,1141785.4,1141785.4,0
07099300,110915066.5,110915066.5,1.490116119384766e-08
07099911,1774701.88,1774701.88,0
07099919,156544694.05,156544694.05,0
07099990,127413443.76,127413443.76,-1.490116119384766e-08
07101000,1133161664.22,1133161664.22,0
07102100,14419.95,14419.95,0
07102200,2836175.08,2836175.08,0
07102900,384633.28,384633.28,0
07103000,310977.16,310977.16,0
07104000,71043728.73999998,71043728.73999998,0
07108000,18942342.54,18942342.54,0
07109000,69865329.94,69865329.94,0
07114000,812583.41,812583.41,0
07115100,980.1000000000003,980.1000000000003,0
07122000,290869607.48,290869607.48,5.960464477539062e-08
07123100,54167.14999999999,54167.14999999999,0
07123900,74767,74767,0
07129090,3057293.32,3057293.32,0
07131010,6408048.7,6408048.7,0
07131090,7754018.58,7754018.58,0
07132090,870538.19,870538.19,0
07133110,929292,929292,0
07133190,123678709.41,123678709.41,0
07133210,308380.1,308380.1,0
07133290,15263021.22,15263021.22,0
07133311,57351029.39,57351029.39,0
07133319,669397334.33,669397334.33,0
07133321,44022129.89,44022129.89,0
07133329,69417755.35000001,69417755.35,-1.490116119384766e-08
07133391,63224050.46,63224050.46,0
07133399,2835440107.92,2835440107.920001,4.76837158203125e-07
07133490,1233512,1233512,0
07133510,1842767.92,1842767.92,0
07133590,231046049.14,231046049.14,-2.980232238769531e-08
07133910,12880654.05,12880654.05,0
07133990,38107951.05,38107951.05,0
07134010,14.44,14.44,0
07135010,2400,2400,0
07136090,1974401.2,1974401.2,0
07139010,18000,18000,0
07139090,17939149.69,17939149.69,0
07141000,110026842.14,110026842.14,0
07142000,65423289.13,65423289.13,0
07143000,6378418.72,6378418.72,0
07144000,444.1900000000002,444.1900000000002,0
07145000,462,462,0
07149000,19419970.49,19419970.49,0
08011100,4948759.17,4948759.17,0
08011200,2378574.89,2378574.89,0
08011900,69230202.59,69230202.59,0
08012100,851291.5,851291.5,0
08013100,12220094.31,12220094.31,0
08013200,180282.5,180282.5,0
08023100,91945,91945,0
08023200,73102,73102,0
08024200,435,435,0
08026100,15040,15040,0
08029100,152097,152097,0
08029900,1272,1272,0
08031000,203243259.16,203243259.16,0
08039000,685081848.09,685081848.09,0
08041010,4829946.199999999,4829946.199999999,0
08041020,2575946.05,2575946.05,0
08042010,6152683.189999999,6152683.189999999,0
08043000,95285807.16,95285807.16,0
08044000,112504858.27,112504858.27,0
08045010,28291740.03,28291740.03,0
08045020,134678683.3,134678683.3,0
08051000,2175987023.94,2175987023.94,0
08052000,5968379.180000002,5968379.180000002,0
08052100,219882183.89,219882183.89,0
08052200,393337.9,393337.9,0
08052900,185929,185929,0
08055000,146967590.02,146967590.02,0
08059000,3034234.45,3034234.45,0
08061000,293087967.93,293087967.9299999,-5.960464477539062e-08
08062000,22388.4,22388.4,0
08071100,159607540.03,159607540.03,0
08071900,12592063.62,12592063.62,-1.862645149230957e-09
08072000,457969285.5,457969285.5,0
08081000,299110311.15,299110311.15,-5.960464477539062e-08
08083000,388323.48,388323.48,0
08084000,5400,5400,0
08091000,417111.3,417111.3,0
08092900,1175912.11,1175912.11,0
08093010,23088034.84,23088034.84,0
08093020,1580570.74,1580570.74,0
08094000,16695977.73,16695977.73,0
08101000,204388869.49,204388869.49,0
08102000,867887.55,867887.55,0
08104000,67932.72,67932.72,0
08105000,234149.87,234149.87,0
08107000,28105770.5,28105770.5,0
08109011,3179210.62,3179210.62,0
08109012,11357605.48,11357605.48,0
08109013,72595,72595,0
08109014,1772143.8,1772143.8,0
08109015,21707674.34,21707674.34,0
08109016,6362257.500000001,6362257.500000001,0
08109017,491,491,0
08109090,9646708.09,9646708.09,0
08111000,6535646.5,6535646.5,0
08112000,254576.76,254576.76,2.91038304567337e-11
08119000,66917988.69000001,66917988.69000001,0
08121000,1151,1151,0
08132010,4732.940000000001,4732.940000000001,0
08132020,44418.8,44418.8,0
08133000,56919.41,56919.41,0
08134010,4839.939999999999,4839.939999999999,0
08140000,2912.4,2912.4,0
09000000,114.66,0,-114.66
09011110,9124843723.28,9124843723.279999,-1.9073486328125e-06
09011190,36566497.78,36566497.78,0
09011200,6357666.310000001,6357666.310000001,0
09012100,198724118.49,198724118.49,2.980232238769531e-08
09012200,1266608.39,1266608.39,0
09019000,2690940.54,2690940.54,0
09021000,3994.62,3994.62,0
09022000,160,160,0
09030010,7816.21,7816.21,0
09030090,2966787.45,2966787.45,0
09041100,29506391.92,29506391.92,0
09041200,2592981.5,2592981.5,0
09042100,929850,929850,0
09051000,775,775,0
09083100,6689869.73,6689869.73,0
09092100,1053344.02,1053344.02,0
09092200,189156.5,189156.5,0
09096110,682547.9299999998,682547.9299999998,0
09096210,2867.100000000001,2867.100000000001,0
09100000,142552.76,0,-142552.76
09101100,15536074.34,15536074.34,0
09101200,33495.25999999999,33495.25999999999,0
09102000,4205,4205,0
09103000,150,150,0
09104000,1058,1058,0
09109100,2669.600000000001,2669.600000000001,0
09109900,2118089.1,2118089.1,-4.656612873077393e-10
09999000,348116.94,0,-348116.94
09999990,400000,0,-400000
09999999,1852673.86,0,-1852673.86
10011090,754749.2,754749.2,0
10011100,239175022.63,239175022.63,-2.980232238769531e-08
10011900,572326943.6800001,572326943.6800001,0
10019090,2850989.8,2850989.8,0
10019100,52064687.67,52064687.67,0
10019900,1277302030.58,1277302030.58,0
10021000,1963107.81,1963107.81,0
10029000,5863527.16,5863527.16,0
10029090,3600,0,-3600
10031000,6778486.439999999,6778486.439999999,0
10039010,20465780.33,20465780.33,0
10039080,7784547.57,7784547.57,0
10039090,7925980.149999999,7925980.15,9.313225746154785e-10
10041000,35541042.38,35541042.38,-7.450580596923828e-09
10049000,128763965.28,128763965.28,-1.490116119384766e-08
10051000,535848470.18,535848470.18,0
10059010,41733353689.38,41737221545.39999,3867856.019996643
10059090,865304568.1999999,865304568.1999999,0
10061010,496629024.08,496629024.08,0
10061091,27799760.67,27799760.67,0
10061092,8390658837.47,8390658837.47,0
10062010,355230.23,355230.23,0
10062020,4506010.54,4506010.54,0
10063011,17632060.85,17632060.85,0
10063019,69349794.13,69349794.13,0
10063021,4686566.08,4686566.08,0
10063029,28422972.86,28422972.86,0
10064000,9303996.01,9303996.01,0
10070090,24685241.34,24685241.34,3.725290298461914e-09
10071000,157725059.36,157725059.36,-2.980232238769531e-08
10079000,1715693866.71,1715693866.71,0
10081010,5718446.08,5718446.08,0
10081090,38928368.92,38928368.92,0
10082010,4124341.5,4124341.5,0
10082110,108876714.86,108876714.86,0
10082190,4870062.98,4870062.98,0
10082910,254052773.42,254052773.42,0
10082990,6055577.5,6055577.5,0
10083010,133000,133000,0
10083090,14320,14320,0
10085090,1651940.83,1651940.83,0
10086010,2374602.46,2374602.46,0
10086090,5229315.560000001,5229315.560000001,0
10089010,14945079.22,14945079.22,0
10089090,99161954.14,99161954.14,0
10290900,9461673.150000002,0,-9461673.150000002
11010010,148095472.49,148095472.49,2.980232238769531e-08
11010020,180317.73,180317.73,0
11022000,8882598.629999999,8882598.629999999,0
11029000,100207.92,100207.92,0
11031100,25925705.66,25925705.66,3.725290298461914e-09
11031300,41192682.18,41192682.18,0
11031900,23940798.77,23940798.77,0
11041200,36259728.77,36259728.77,0
11041900,14322095.78,14322095.78,0
11042200,3185336.32,3185336.32,0
11042300,246439398.37,246439398.37,0
11042900,2193246.94,2193246.94,0
11043000,1712263.72,1712263.72,0
11061000,1440,1440,0
11062000,9902518.59,9902518.59,0
11081200,1175831.03,1175831.03,0
11081400,410205.66,410205.66,0
12010010,43090264.64,43090264.64,0
12010090,71543091.28000002,71543091.28000002,0
12011000,4113614149.19,4113614149.19,-4.76837158203125e-07
12019000,86981010402.31,86981010402.31,0
12023000,31783495.8,31783495.8,0
12024100,477703108.05,477703108.05,0
12024200,44454627.41,44454627.41,0
12030000,1146360,1146360,0
12040010,418649.07,418649.07,0
12040090,3658092.24,3658092.24,0
12050010,256268.49,256268.49,0
12050090,726508.11,726508.11,0
12051010,3304962.83,3304962.83,0
12051090,75104087.38,75104087.38,0
12059010,12277439.7,12277439.7,-1.862645149230957e-09
12059090,7844209.039999999,7844209.039999999,0
12060010,2384590.45,2384590.45,0
12060090,45877267.03,45877267.03,0
12071010,2496,2496,0
12071090,33171695.3,33171695.3,0
12072100,183917946.32,183917946.32,0
12072900,1278447202.48,1278447202.48,0
12073010,2053926.8,2053926.8,0
12073090,21093435.8,21093435.8,0
12074010,48431854.45,48431854.45,0
12074090,1070132894.7,1070132894.7,0
12075010,59950,59950,0
12075090,6877886.21,6877886.21,0
12076090,170812.4,170812.4,0
12077010,29000,29000,0
12077090,14000,14000,0
12079190,6500,6500,0
12079910,26561696.69,26561696.69,0
12079990,47196508.70999999,47196508.70999999,0
12081000,1229134047.52,1229134047.52,2.384185791015625e-07
12089000,2616288.79,2616288.79,0
12091000,365540,365540,0
12092100,213595.62,213595.62,0
12092200,68820,68820,0
12092400,66477201.09,66477201.09,0
12092500,18851800.33,18851800.33,0
12092900,985830380.17,985830380.17,0
12093000,10368394.34,10368394.34,0
12099100,9690773.1,9690773.1,0
12099900,22998665.68,22998665.68,0
12102010,6950,6950,0
12112000,45170.57999999999,45170.57999999999,0
12113000,12366.55,12366.55,0
12114000,1436579,1436579,0
12116000,39229,39229,0
12119000,40097.69999999999,0,-40097.69999999999
12119010,75607.19,75607.19,0
12119090,7765452.72,7765452.72,0
12122100,19000,19000,0
12129100,2696234.3,2696234.3,0
12129200,206097387.38,206097387.38,0
12129300,3253851035.45,3253851035.45,0
12129900,0,0,0
12129990,276769647.8,276769647.8,0
12130000,43905959.82,43905959.82,0
12141000,292203.3,292203.3,0
12149000,386418177.93,386418177.93,0
13019010,273965.7,273965.7,0
13019090,14468312.51,14468312.51,1.862645149230957e-09
13021190,18000,18000,0
13021910,1061284,1061284,0
13021999,875,875,0
13023220,256750,256750,0
14019000,73521.8,73521.8,0
14042090,56293383.08,56293383.08,0
14049010,47156794.64,47156794.64,0
14049090,24819620.63,24819620.63,0
15012000,8071251.05,8071251.05,0
15021011,1460760,1460760,0
15021019,36841,36841,0
15030000,1710600,1710600,0
15060000,1677824,1677824,0
15071000,16947227.93,16947227.93,3.725290298461914e-09
15079011,287322.5,287322.5,0
15079019,72000,72000,0
15079090,1574.44,1574.44,0
15099010,7150,7150,0
15121110,323641.93,323641.93,0
15122100,19339427,19339427,0
15122910,74338,74338,0
15141100,873623.89,873623.89,0
15141910,987204.66,987204.66,0
15152990,33140.14,33140.14,0
15162000,331046.9,331046.9,0
15180090,79400,79400,0
15211000,39082096.57,39082096.57,0
16010000,115607,115607,0
16023290,31651.5,31651.5,0
16025000,18356448.89,18356448.89,0
16041310,27700,27700,0
16051000,8600,8600,0
17011200,7598577.48,7598577.48,0
17011300,7700.83,7700.83,0
17011400,1385623.69,1385623.69,0
17021900,37200,37200,0
17031000,240,240,0
17041000,30.05,30.05,0
17049020,121.94,121.94,0
17049090,32.25,32.25,0
18010000,166443061.07,166443061.07,0
18020000,2300,2300,0
18050000,8745.5,8745.5,0
18063110,10,10,0
18069000,69.03999999999999,69.03999999999999,0
19019020,56981.24,56981.24000000001,7.275957614183426e-12
19021100,6856735,6856735,0
19023000,4250250.08,4250250.08,0
19041000,801860.24,801860.24,0
19043000,1491069.3,1491069.3,0
19049000,3704204.07,3704204.07,0
19053200,6,6,0
19059020,40000,40000,0
19059090,1421480.59,1421480.59,0
20011000,18299,18299,0
20019000,953716.52,953716.52,0
20021000,2105240.31,2105240.31,0
20031000,57141,57141,0
20041000,2914977.2,2914977.2,0
20052000,22737828.3,22737828.3,0
20054000,27790.3,27790.3,0
20055100,193237907.64,193237907.64,2.980232238769531e-08
20056000,261,261,0
20057000,49080,49080,0
20058000,1165019.21,1165019.21,0
20059100,16.9,16.9,0
20059900,37720.20000000001,37720.20000000001,0
20060000,7029877.64,7029877.64,0
20071000,46400,46400,0
20079910,3855,3855,0
20079921,434395.96,434395.96,0
20079922,22650.13,22650.13,0
20079923,8773126,8773126,0
20079925,617478.2999999999,617478.2999999999,0
20079926,1931.2,1931.2,0
20079927,740781.8200000001,740781.8200000001,0
20079990,4933934.4,4933934.4,0
20081100,16559498.45,16559498.45,0
20082090,18425,18425,0
20087020,43750.3,43750.3,0
20088000,5123.21,5123.21,0
20089100,825672.27,825672.27,0
20089900,60549.10000000001,60549.10000000001,0
20091100,63771.35,63771.35,0
20093900,211642.2,211642.2,0
20094900,23360,23360,0
20098912,5450,5450,0
20098913,32714797.95,32714797.95,0
20098921,9,9,0
21011110,3444283.76,3444283.76,0
21021090,5308.54,5308.54,0
21022000,29904.64,29904.64,0
21031010,426.6,426.6,0
21033021,2906.600000000001,2906.600000000001,0
21033029,778,778,0
21039021,809969.79,809969.79,0
21039029,16638,16638,0
21039099,3375,3375,0
21041011,59149.00000000001,59149.00000000001,0
21061000,3294891.12,3294891.12,0
21069029,274293.77,274293.77,0
21069030,23307.13,23307.13,0
21069090,1723757.7,1723757.7,0
22011000,1039594.68,1039594.68,0
22019000,2300,2300,0
22021000,92.5,92.5,0
22030000,22811,22811,0
22042100,9000,9000,0
22043000,3388.7,3388.7,0
22071090,0,0,0
22072019,210983.52,210983.52,0
22082000,11695.5,11695.5,0
22084000,150000,150000,0
22089000,10000,10000,0
23011010,201660.5,201660.5,0
23011090,3319640.6,3319640.6,0
23012010,12895311.38,12895311.38,0
23012090,42735,42735,0
23021000,102014684.02,102014684.02,0
23021010,46438.8,0,-46438.8
23021099,1029.96,0,-1029.96
23023010,5852096.28,5852096.28,0
23023090,7493125.04,7493125.04,0
23024000,4846367.74,4846367.739999999,-9.313225746154785e-10
23025000,17964973.75,17964973.75,0
23031000,264391,264391,0
23032000,6005898.169999999,6005898.17,9.313225746154785e-10
23033000,133500,133500,0
23040010,3693971.52,3693971.52,0
23040090,62127749.58,62127749.58,0
23050000,338615,338615,0
23061000,169657177.22,169657177.22,0
23062000,78875,78875,0
23063010,198389.6,198389.6,0
23063090,1061691.77,1061691.77,0
23065000,7.9,7.9,0
23069010,41814.19,41814.19,0
23069090,2239631.8,2239631.8,0
23080000,41046506.39,41046506.39,0
23091000,1223909.79,1223909.79,0
23099010,35077043.34,35077043.34,0
23099020,290994,290994,0
23099040,6899.28,6899.28,0
23099090,23979616.25,23979616.25,0
24011030,371203.85,371203.85,0
24011090,2113417.7,2113417.7,0
24012090,216840,216840,0
24031900,15450,15450,0
25010011,26515.83,26515.83,0
25010019,14000,14000,0
25010020,15154.89,15154.89,0
25010090,26923.2,26923.2,0
25030090,245648.21,245648.21,0
25041000,111953.5,111953.5,1.455191522836685e-11
25049000,13,13,0
25051000,101471.68,101471.68,1.455191522836685e-11
25059000,87805.25,87805.25,0
25070010,464777.2,464777.2,0
25081000,290684.5,290684.5,0
25084090,57489.16,57489.16,0
25101090,30612.11,30612.11,0
25120000,13757.5,13757.5,0
25171000,742075.99,742075.99,0
25172000,172215.88,172215.88,0
25174900,165300.34,165300.34,0
25181000,5315380.76,5315380.76,0
25182000,1250613,1250613,0
25191000,689602.49,689602.49,0
25199090,403.24,403.24,0
25201019,344834.9,344834.9,0
25202010,10000,10000,0
25202090,976636.76,976636.76,0
25210000,4306082.21,4306082.21,0
25221000,61589.96000000001,61589.96000000001,0
25222000,3568,3568,0
25223000,5700,5700,0
25232910,4939.75,4939.75,0
25241000,73400,73400,0
25252000,4686,4686,0
25280000,103075,103075,0
25301090,273709.44,273709.44,0
25309090,39173.33,39173.33,0
26011290,7,7,0
26012000,9081.6,9081.6,0
26020010,13825,13825,0
26080090,7884,7884,0
26090000,9470608.639999999,9470608.639999999,0
26159000,6943089.029999999,6943089.029999999,0
27012000,537089.1799999999,537089.1799999999,0
27079990,3075,3075,0
27101229,1360,1360,0
27101259,18002.06,18002.06,0
27101911,230832.46,230832.46,0
27101921,820774.2,820774.2,0
27101931,1291.67,1291.67,0
27101932,248360.34,248360.34,0
27101991,1140,1140,0
27101992,571.74,571.74,0
27101999,4455.5,4455.5,0
27102000,125.52,125.52,0
27109900,112802.01,112802.01,1.455191522836685e-11
27112990,169731.52,169731.52,0
27129000,117092,117092,0
27139000,41223.3,41223.3,0
27160000,725135.58,725135.58,0
28012090,325.09,325.09,0
28020000,6660,6660,0
28044000,1782,1782,0
28092011,1788,1788,0
28100010,1526.7,1526.7,0
28111990,109326.99,109326.99,0
28112210,436.8,436.8,0
28151100,47.99,47.99,0
28151200,900,900,0
28249010,682,682,0
28273190,40471.25,40471.25,0
28273995,311444.01,311444.01,0
28274911,627900,627900,0
28275900,163450,163450,0
28289011,68.82,68.82,0
28299019,18000,18000,0
28331900,492.65,492.65,0
28332100,55561.64,55561.64,0
28332200,18000,18000,0
28332400,6697.51,6697.51,0
28332520,77256.14,77256.14,0
28332990,7202.5,7202.5,0
28352500,354688.95,354688.95,0
28352960,36934,36934,0
28363000,31911.74,31911.74,0
28365000,685608.1499999999,685608.1499999999,0
28429000,4522.5,4522.5,0
28444310,2899.28,2899.28,0
28445000,760.26,760.26,0
28470000,2075.5,2075.5,0
28500010,6180,6180,0
28521022,262983.45,262983.45,0
28521029,2241315.56,2241315.56,0
29012900,980.6199999999999,980.6199999999999,0
29021100,24,24,0
29031500,9.5,9.5,0
29034510,140000,140000,0
29121100,15765.84,15765.84,0
29181400,925,925,0
29189991,189300,189300,0
29209039,14300.4,14300.4,0
29211121,13734.64,13734.64,0
29214322,2700,2700,0
29221100,813,813,0
29224110,225400,225400,0
29224190,127870.65,127870.65,0
29224990,28835.5,28835.5,0
29225099,82373.5,82373.5,0
29239090,17682.71,17682.71,0
29304010,128.78,128.78,0
29304090,73129.5,73129.5,0
29309035,3824.48,3824.48,0
29309041,2314,2314,0
29315994,24000,24000,0
29319021,1970,1970,0
29329911,4657326.96,4657326.96,0
29329994,52289.4,52289.4,0
29333389,1590.48,1590.48,0
29333922,10416.74,10416.74,0
29335371,3377667.66,3377667.66,0
29336913,53250.32,53250.32,0
29337210,353500.5,353500.5,0
29337220,79200,79200,0
29339115,2248655.5,2248655.5,0
29339963,1308,1308,0
29362790,4500,4500,0
29375000,250850,250850,0
29391169,2934891.62,2934891.62,0
29411020,597,597,0
29420000,559681.62,559681.62,0
30012090,7.5,7.5,0
30021229,200095.2,200095.2,0
30023090,4192.559999999999,4192.559999999999,0
30024270,42360.59,42360.59,0
30024280,1315.16,1315.16,0
30024290,148375.5,148375.5,0
30024991,229.43,229.43,0
30024999,57666.39,57666.39,0
30029000,580494.61,580494.61,0
30029091,598.56,598.56,0
30029099,8580,8580,0
30039016,1016.4,1016.4,0
30041012,35513.93,35513.93,0
30042019,88152.26000000001,88152.26000000001,0
30042041,9720,9720,0
30042069,36542.9,36542.9,0
30042099,96142.67,96142.67,0
30043210,329.9,329.9,0
30043911,91650,91650,0
30043915,800,800,0
30043939,32.96,32.96,0
30044990,67322.51000000001,67322.51000000001,0
30045020,590.94,590.94,0
30045090,130.8,130.8,0
30046000,529435.1799999999,0,-529435.1799999999
30049023,26.5,26.5,0
30049043,9.49,9.49,0
30049047,3338420.84,0,-3338420.84
30049059,2081.92,2081.92,0
30049063,39937.5,39937.5,0
30049069,12227.74,12227.74,0
30049071,320.46,320.46,0
30049072,2354.9,2354.9,0
30049079,75443.61,75443.61,0
30049099,112476.75,112476.75,0
30089199,6361.17,0,-6361.17
31010000,359233081.74,359233081.74,0
31021010,26682180.1,26682180.1,3.725290298461914e-09
31021090,823142.25,823142.25,0
31022100,3673718.23,3673718.23,0
31022990,62921.03,62921.03,0
31024000,220570.6,220570.6,0
31025011,2485.1,2485.1,0
31025090,7516033.72,7516033.720000001,9.313225746154785e-10
31026000,85012.97,85012.97,0
31028000,51522.33,51522.33,0
31029000,6271612.869999999,6271612.869999999,0
31031100,3488872.25,3488872.25,0
31031900,7986561.3,7986561.3,0
31039011,213672.46,213672.46,0
31039019,10438.49,10438.49,0
31039090,1674878.37,1674878.37,0
31042010,12197856.49,12197856.49,0
31042090,111458338.67,111458338.67,0
31043010,119,119,0
31049090,3034623.07,3034623.07,0
31051000,2334372.94,2334372.939999999,-4.656612873077393e-10
31052000,88178032.31,88178032.31,0
31053000,1797404.4,1797404.4,0
31054000,24558823.7,24558823.7,0
31055100,811194,811194,0
31055900,19989105.58,19989105.58,0
31056000,18194493.35,18194493.35,3.725290298461914e-09
31059019,1477771.62,1477771.62,0
31059090,11222119.1,11222119.1,0
32041100,16099,16099,0
32041830,47.25,47.25,0
32064990,83960.06,83960.06,0
32081010,824.54,824.54,0
32082011,114,114,0
32082019,1239.14,1239.14,0
32082020,165.54,165.54,0
32089010,1027.1,1027.1,0
32091010,1360.73,1360.73,0
32099019,45.7,45.7,0
32100010,226.59,226.59,0
32139000,59,59,0
32141010,245.76,245.76,0
32159000,334.61,334.61,0
33011300,3245939.569999999,3245939.569999999,0
33012400,123,123,0
33012918,22875,22875,0
33012919,7064446.89,7064446.89,0
33012990,14088,14088,0
33030010,1.8,1.8,0
33049910,126.86,126.86,0
33049990,1595.7,1595.7,0
33051000,189,189,0
33059000,483,483,0
33074900,309.23,309.23,0
33079000,112543.68,112543.68,0
34011190,2986.23,2986.23,0
34012010,137.5,137.5,0
34013000,3508885.03,3508885.03,0
34023990,4315.31,4315.31,0
34024190,4855.28,4855.28,0
34025000,17.94,17.94,0
34029011,166621.63,166621.63,0
34029019,38963.77,38963.77,0
34029029,831050.01,831050.01,0
34029039,2666.58,2666.58,0
34029090,52981.32999999999,52981.33,7.275957614183426e-12
34031900,60,60,0
34049029,180,180,0
34053000,149.1,149.1,0
34060000,36.72,36.72,0
34070010,6.9,6.9,0
35021900,224981.5,224981.5,0
35040020,7592251.640000002,7592251.640000002,0
35040030,705,705,0
35052000,83.84,83.84,0
35061090,10023.59,10023.59,0
35069110,716.66,716.66,0
35069120,108415.16,108415.16,0
35069190,789.0600000000001,789.0600000000001,0
35069900,250299.36,250299.36,0
35079039,20789.4,20789.4,0
35079049,796357.48,796357.48,0
36061000,2500,2500,0
37079010,6.74,6.74,0
38012090,11.71,11.71,0
38029040,190.6,190.6,0
38051000,48986.33,48986.33,0
38080000,338008.65,0,-338008.65
38085200,237320.74,237320.74,0
38085925,51709.92,51709.92,0
38085929,403936.23,403936.23,0
38086100,1000,1000,0
38086210,1731.45,1731.45,0
38086290,8829243.15,8829243.15,0
38086990,7734493.939999999,7734493.939999999,0
38089111,369418.3,369418.3,0
38089119,4360925.97,4360925.97,0
38089120,26825,26825,0
38089191,7808446.42,7808446.42,0
38089192,61462.14000000001,61462.14000000001,0
38089194,211310.91,211310.91,0
38089195,57437.89,57437.89,0
38089196,320,320,0
38089197,5304738.859999999,5304738.859999999,0
38089199,65949164.11,66287172.76000001,338008.650000006
38089211,8269.6,8269.6,0
38089219,396048.33,396048.33,0
38089220,429962.6,429962.6,0
38089291,364533.74,364533.74,0
38089292,2347376.14,2347376.14,0
38089293,6901339.7,6901339.7,0
38089295,418912,418912,0
38089296,34375.79,34375.79,0
38089297,1812484.47,1812484.47,0
38089299,67747738.81,67747738.81,0
38089311,348806.57,348806.57,0
38089319,1039795.26,1039795.26,0
38089321,1164.6,1164.6,0
38089322,1312903.33,1312903.33,0
38089323,4020312.52,4020312.52,-4.656612873077393e-10
38089324,18166500.66,18166500.66,0
38089325,2544,2544,0
38089326,5158.09,5158.09,0
38089327,1510348.77,1510348.77,0
38089328,3151,3151,0
38089329,27995730.35,27995730.35,0
38089351,34059.96,34059.96,0
38089359,2584951.9,2584951.9,0
38089419,422648.65,422648.65,0
38089429,163545.82,163545.82,0
38089919,67104.43,67104.43,0
38089991,244138.51,244138.51,0
38089993,1694000.87,1694000.87,2.328306436538696e-10
38089995,1357359.31,1357359.31,0
38089996,73182.16,73182.16,0
38089999,4711912.61,4711912.61,0
38091090,286.6,286.6,0
38099190,74,74,0
38099390,671162.4,671162.4,0
38109000,411.97,411.97,0
38112140,1840,1840,0
38112190,2050,2050,0
38112990,1742.97,1742.97,0
38119010,11725.21,11725.21,0
38140090,155.59,155.59,0
38190000,5071.529999999999,5071.529999999999,0
38200000,44746.19,44746.19,0
38210000,146547.82,146547.82,0
38244000,59.11,59.11,0
38249077,10916.68,10916.68,0
38249079,10293.42,10293.42,0
38249919,60,60,0
38249929,816197.78,816197.78,0
38249931,234.2,234.2,0
38249941,245634.92,245634.92,0
38249977,722614.52,722614.52,0
38249979,3099730.69,3099730.69,0
38249986,14742,14742,0
38249988,69476,69476,0
38249989,5641.45,5641.45,0
38256100,82958.39999999998,82958.39999999998,0
38259000,331439.6,331439.6,0
39019090,5.9,5.9,0
39029000,12600,12600,0
39039090,1400,1400,0
39052100,6073.6,6073.6,0
39069019,117.04,117.04,0
39069045,1371.89,1371.89,0
39069049,6483.75,6483.75,0
39079911,19.35,19.35,0
39079919,122,122,0
39095011,360.45,360.45,0
39095019,900,900,0
39100013,72.18,72.18,0
39100030,21150.54,21150.54,0
39100090,52,52,0
39119013,400,400,0
39121110,518.97,518.97,0
39121120,593950,593950,0
39131000,280,280,0
39151000,3441,3441,0
39153000,16259.37,16259.37,0
39159000,1035044.77,1035044.77,0
39169090,64.57,64.57,0
39171029,50251.83,50251.83,0
39172100,50660.5,50660.5,0
39172300,26510.43,26510.43,0
39172900,45370,45370,0
39173100,12460,12460,0
39173229,1853.97,1853.97,0
39173240,1172,1172,0
39173290,59268.8,59268.8,0
39173300,3357.76,3357.76,0
39173900,7878.27,7878.27,0
39174010,354,354,0
39174090,212376.42,212376.42,0
39189000,6912,6912,0
39191010,9.8,9.8,0
39191020,139.11,139.11,0
39191090,225.96,225.96,0
39199090,150,150,0
39201010,160,160,0
39201099,733545.57,733545.57,0
39204310,55849.5,55849.5,0
39205900,770.68,770.68,0
39209990,3670.79,3670.79,0
39211900,9134.09,9134.09,0
39219012,4060,4060,0
39219090,50472,50472,0
39229000,149.73,149.73,0
39231090,1136226.24,1136226.24,0
39232110,2969,2969,0
39232190,63316.52,63316.52,0
39232910,81131.53,81131.53,0
39232990,9820.4,9820.4,0
39233090,123310.82,123310.82,0
39235000,3358.82,3358.82,0
39239000,149.2,149.2,0
39239010,3450,3450,0
39239090,73183.62,73183.62,0
39241000,167326.27,167326.27,0
39249000,659409.23,659409.23,0
39251000,444407.95,444407.95,0
39259090,6737524.05,6737524.050000001,9.313225746154785e-10
39262000,6701.31,6701.31,0
39263000,320163.84,320163.84,0
39269010,586.21,586.21,0
39269021,4269.96,4269.96,0
39269022,230669.6600000002,230669.6600000002,0
39269040,79380,79380,0
39269061,350.84,350.84,0
39269069,11901.35,11901.35,0
39269090,256782.38,256782.38,0
40011000,24349769.95,24349769.95,0
40012100,10115167.4,10115167.4,0
40012920,1240463.57,1240463.57,0
40012990,3040893.05,3040893.05,0
40021919,1016,1016,0
40021920,257,257,0
40029100,399409.01,399409.01,0
40040000,1000,1000,0
40059190,357.09,357.09,0
40069000,1165.5,1165.5,0
40082100,3270.39,3270.39,0
40082900,28.73,28.73,0
40091100,3311.1,3311.1,0
40092110,158271.17,158271.17,0
40092190,2571.8,2571.8,0
40092210,458.2,458.2,0
40092290,665.5,665.5,0
40093100,6624.18,6624.18,0
40093290,4414.93,4414.93,0
40094100,1570.98,1570.98,0
40094290,6620.77,6620.77,0
40101100,37.01,37.01,0
40101200,41840.31,41840.31,0
40101900,969.55,969.55,0
40103100,18901.09,18901.09,0
40103200,4048.24,4048.24,0
40103300,21166.29,21166.29,0
40103400,4331.92,4331.92,0
40103500,1850.32,1850.32,0
40103600,2706.29,2706.29,0
40103900,791944.3700000001,791944.3700000001,0
40111000,179588.71,179588.71,0
40112090,40150,40150,0
40114000,1403020.800000001,1403020.800000001,0
40117010,93720.8,93720.8,0
40117090,575402.12,575402.12,0
40118090,672.91,672.91,0
40119090,13251.16,13251.16,0
40121000,2375,2375,0
40121100,1929,1929,0
40121200,25001,25001,0
40122000,99626.43,99626.43,0
40129010,565.5,565.5,0
40129090,109220.4,109220.4,0
40131010,5156.68,5156.68,0
40131090,22197.83,22197.83,3.637978807091713e-12
40139000,45522.32999999999,45522.32999999999,0
40151900,2171.64,2171.64,0
40159000,67.5,67.5,0
40161010,625427.31,625427.31,0
40161090,8359583.259999999,8359583.259999999,0
40169300,2103813.24,2103813.24,0
40169400,5341.2,5341.2,0
40169910,2499.1,2499.1,0
40169990,20263.37,20263.37,0
40170000,25785.73,25785.73,0
41012000,29400,29400,0
41015010,133122.5,133122.5,0
41021000,181788.87,181788.87,0
41022900,572281.29,572281.29,0
41033000,42212798.27,42212798.27,0
41041111,2526614.83,2526614.83,0
41041114,108000,108000,0
41041124,29080,29080,0
41044920,198667.62,198667.62,0
41051029,1240,1240,0
41062200,89005.9,89005.9,0
41079110,2359718.6,2359718.6,0
41079210,442428.08,442428.08,0
41079910,13921463.72,13921463.72,0
41132000,484371.42,484371.42,0
41408416,7800,0,-7800
42010010,40.5,40.5,0
42021210,106.48,106.48,0
42021220,72.33,72.33,0
42021900,3555,3555,0
42022100,6000,6000,0
42022900,47.87,47.87,0
42023100,176395.5,176395.5,0
42029200,1878,1878,0
42031000,111.1,111.1,0
42032900,2136.36,2136.36,0
42033000,960,960,0
43013000,379.7,379.7,0
43021910,31240,31240,0
43023000,4236.41,4236.41,0
43039000,294800,294800,0
44011000,111679,111679,0
44011100,84281232.48,84281232.48,0
44011200,169957791.77,169957791.77,0
44012100,48869844.67999999,48869844.67999999,0
44012200,233357391.21,233357391.21,0
44013000,9712,9712,0
44013100,605584,605584,0
44013200,25800,25800,0
44013900,105596902.24,105596902.24,0
44014100,2899455.960000001,2899455.960000001,0
44014900,13324317.78,13324317.78,0
44021000,7000,7000,0
44022000,451875,451875,0
44029000,168667745.11,168667745.11,0
44031100,37427549.73,37427549.73,0
44031200,2634125.02,2634125.02,0
44032100,59476319.58000001,59476319.58000001,0
44032200,206954259.96,206954259.96,0
44032300,607692.51,607692.51,0
44032500,12930.5,12930.5,0
44032600,8863058.82,8863058.82,0
44034200,275483.09,275483.09,0
44034900,84387105.9,84387105.89999999,-1.490116119384766e-08
44039800,202182552.65,202182552.65,0
44039900,263003754.46,263003754.4599999,-2.980232238769531e-08
44041000,2295240.51,2295240.51,0
44042000,21313.7,21313.7,0
44069100,54040,54040,0
44071100,33477996.83,33477996.83,0
44071300,37682.81,37682.81,0
44071900,4306936.489999999,4306936.489999999,0
44072100,34066,34066,0
44072200,2619,2619,0
44072300,794128.62,794128.62,0
44072920,600,600,0
44072990,251374.15,251374.15,0
44079960,750627.8999999999,750627.8999999999,0
44079970,418507.2,418507.2,0
44079990,20498786.85,20498786.85,0
44081091,653291.3400000001,653291.3400000001,0
44092900,523949.5,523949.5,0
44109000,250,250,0
44123300,516454.09,516454.09,0
44124100,20005,20005,0
44130000,142962.68,142962.68,0
44149000,103684.5,103684.5,0
44151000,3492,3492,0
44152000,21836.47,21836.47,0
44160090,49808.31999999999,49808.31999999999,0
44170020,330.86,330.86,0
44170090,64960,64960,0
44181900,30000,30000,0
44187900,2189.6,2189.6,0
44189900,58,58,0
44199000,490,490,0
44209000,78271,78271,0
44219900,13040,13040,0
45049000,1598.72,1598.72,0
46019200,25499.9,25499.9,0
46021900,70.6,70.6,0
47032900,16764652.44,16764652.44,0
47061000,377191.8,377191.8,0
47062000,4150,4150,0
47071000,10132.53,10132.53,0
47072000,17270,17270,0
47079000,169573.83,169573.83,0
48025499,8.5,8.5,0
48025610,8579464.22,8579464.22,0
48059100,3.8,3.8,0
48059300,3200.04,3200.04,0
48081000,2326.05,2326.05,0
48102990,31.8,31.8,0
48109290,20.8,20.8,0
48114110,147.9,147.9,0
48119010,48095528.28,48095528.28,0
48119011,71396.04000000001,71396.04000000001,0
48171000,2.4,2.4,0
48181000,975.4,975.4,0
48182000,1305,1305,0
48183000,1303.5,1303.5,0
48189090,9742.43,9742.43,0
48191000,31649.87,31649.87,0
48192000,16,16,0
48193000,155.63,155.63,0
48194000,14446.88,14446.88,0
48195000,920459.9,920459.9,0
48201000,2056,2056,0
48203000,1573.62,1573.62,0
48205000,42,42,0
48234000,24.06,24.06,0
48237000,43858.97000000001,43858.97000000001,0
48239099,959.48,959.48,0
49019100,44.9,44.9,0
49019900,865.9,865.9,0
49089000,607.96,607.96,0
49111010,90000,90000,0
49111090,46,46,0
49119900,735,735,0
50010000,41179.8,41179.8,0
50030010,10.66,10.66,0
51011110,191882.78,191882.78,0
51011190,388123.71,388123.71,0
51011900,59.75,59.75,0
51012100,28403.11,28403.11,0
51099000,38250,38250,0
51111110,10368,10368,0
51121910,31,31,0
52010010,536538122.67,536538122.67,0
52010020,15738532076.06,15738532076.06,0
52010090,169710693.76,169710693.76,0
52021000,100988,100988,0
52029100,1556555.29,1556555.29,0
52029900,85827893.64,85827893.64,0
52030000,56908990.19,56908990.19,0
52042000,1231015,1231015,0
52071000,191074.64,191074.64,0
52079000,42,42,0
52084200,865.5799999999999,865.5799999999999,0
52093200,1529.92,1529.92,0
53013000,12,12,0
53039090,249843.8,249843.8,0
53050090,5099253.25,5099253.25,0
53081000,4410,4410,0
54072000,6650,6650,0
54077100,1200,1200,0
56012110,339764.84,339764.84,0
56022100,15920.43,15920.43,0
56031390,192.5,192.5,0
56031420,2654.12,2654.12,0
56049022,26,26,0
56074900,365.28,365.28,0
56075090,180,180,0
56079010,226169.55,226169.55,0
56079090,1500,1500,0
58022000,35,35,0
58071000,500,500,0
59061000,2416.13,2416.13,0
59090000,7254.39,7254.39,0
59100000,35505,35505,0
60059090,81922.61,81922.61,0
60063490,712156,712156,0
61013000,120,120,0
61023000,208823.67,208823.67,0
61032200,339.8,339.8,0
61032300,192,192,0
61034900,1681.05,1681.05,0
61042200,544.7,544.7,0
61044200,239.8,239.8,0
61044300,545.54,545.54,0
61046200,635.9,635.9,0
61046300,2216,2216,0
61046900,20,20,0
61051000,1569.49,1569.49,0
61052000,635.85,635.85,0
61059000,1078.91,1078.91,0
61061000,288.9,288.9,0
61062000,2540,2540,0
61083100,89.9,89.9,0
61091000,386986.5699999999,386986.5699999999,0
61099000,743.08,743.08,0
61112000,159.9,159.9,0
61121100,1307213.6,1307213.6,0
61121900,24,24,0
61122000,7048.949999999999,7048.949999999999,0
61124900,47.64,47.64,0
61130000,2425,2425,0
61142000,5554.860000000001,5554.860000000001,0
61143000,573.65,573.65,0
61149090,768.2,768.2,0
61161000,49.5,49.5,0
61169300,491.26,491.26,0
61169900,535.73,535.73,0
61171000,10,10,0
62013000,106372.2,106372.2,0
62019000,199.91,199.91,0
62032200,269.9,269.9,0
62034200,3996.3,3996.3,0
62041300,210,210,0
62042900,30.42,30.42,0
62043900,210,210,0
62044200,1719.9,1719.9,0
62044900,451.61,451.61,0
62045200,1139,1139,0
62045300,7.29,7.29,0
62045900,182.15,182.15,0
62046200,563672.55,563672.55,0
62046300,9.72,9.72,0
62046900,578.96,578.96,0
62052000,1804.46,1804.46,0
62059090,2809.88,2809.88,0
62062000,20888,20888,0
62063000,180,180,0
62064000,86.29,86.29,0
62069000,2031.1,2031.1,0
62079100,300.19,300.19,0
62092000,147.97,147.97,0
62099090,17890,17890,0
62105000,15.96,15.96,0
62111200,80,80,0
62129000,1093.14,1093.14,0
62151000,263.5,263.5,0
62160000,1582.55,1582.55,0
62171000,60.3,60.3,0
63021000,225.19,225.19,0
63022100,29592.5,29592.5,0
63026000,1241.46,1241.46,0
63029100,191804.57,191804.57,0
63039900,26.6,26.6,0
63051000,22085,22085,0
63052000,940598.53,940598.53,0
63053200,516475.48,516475.48,0
63053310,70535.9,70535.9,0
63053390,40442.02,40442.02,0
63059000,16035,16035,0
63061990,33,33,0
63062910,77000,77000,0
63071000,165.86,165.86,0
63072000,1424.58,1424.58,0
63079010,16428.34,16428.34,0
63080000,880,880,0
63090010,27068.54,27068.54,0
63090090,123988,123988,0
64011000,163350,163350,0
64019200,10168.29,10168.29,0
64019990,2474.51,2474.51,0
64021900,2804.52,2804.52,0
64022000,70.6,70.6,0
64031900,717.75,717.75,0
64034000,3012.94,3012.94,0
64039190,2782.63,2782.63,0
64039990,35953.18,35953.18,0
64041900,847.01,847.01,0
64042000,2906.66,2906.66,0
64052000,14823.18,14823.18,0
64059000,2521.16,2521.16,0
64069090,1008.56,1008.56,0
64335990,190000,0,-190000
65050011,1297.37,1297.37,0
65050012,337.3,337.3,0
65061000,13906.52,13906.52,0
65069900,7.75,7.75,0
65070000,142.18,142.18,0
66019190,778.47,778.47,0
66020000,764.54,764.54,0
67029000,6148,6148,0
68022100,14901.25,14901.25,0
68029200,86150,86150,0
68029990,36545.22,36545.22,0
68042211,3947.65,3947.65,0
68042219,227.19,227.19,0
68051000,10041.24,10041.24,0
68052000,2041.1,2041.1,0
68053020,2539.68,2539.68,0
68053090,16.28,16.28,0
68062000,10922.7,10922.7,0
68069090,21000,21000,0
68071000,510,510,0
68101100,352661.01,352661.01,0
68101900,178466.41,178466.41,0
68109100,19580,19580,0
68109900,139185,139185,0
68114000,109171.59,109171.59,0
68118200,2600,2600,0
68129910,79.3,79.3,0
68132000,14236.96,14236.96,0
68138110,3010.07,3010.07,0
68138190,3029,3029,0
68138910,1244.98,1244.98,0
69021019,3600,3600,0
69022091,127,127,0
69031030,106.64,106.64,0
69032020,2063.09,2063.09,0
69041000,2253.3,2253.3,0
69051000,12693.66,12693.66,0
69111010,118,118,0
69111090,3837.1,3837.1,0
69120000,294.7,294.7,0
69139000,62750.23,62750.23,0
69149000,60780,60780,0
70010000,100,100,0
70023100,145,145,0
70042000,7.68,7.68,0
70071100,4800,4800,0
70071900,4459,4459,0
70072100,480,480,0
70091000,982,982,0
70099200,895,895,0
70109012,7037,7037,0
70109022,1467.3,1467.3,0
70109090,21,21,0
70111010,22,22,0
70132800,1170,1170,0
70133700,569.7,569.7,0
70134290,83,83,0
70139110,1488,1488,0
70139900,115823.8,115823.8,0
70159020,2259.3,2259.3,0
71031000,22,22,0
71081210,9598.34,9598.34,0
71081310,88621.76999999999,88621.76999999999,0
71129100,6650,6650,0
71129900,23850,23850,0
71131100,4132,4132,0
71131900,171640.64,171640.64,0
71171900,18,18,0
71179000,1519.4,1519.4,0
72015000,5400,5400,0
72021900,102,102,0
72039000,8.43,8.43,0
72041000,215869.05,215869.05,0
72042100,39170,39170,0
72042900,1162073.73,1162073.73,0
72043000,4042780.56,4042780.56,0
72044100,7650.9,7650.9,0
72044900,481384.39,481384.39,0
72045000,344506,344506,0
72052990,1500,1500,0
72069000,896.3399999999999,896.3399999999999,0
72083690,192910,192910,0
72085200,783.74,783.74,0
72103090,2669.5,2669.5,0
72104110,384.75,384.75,0
72131000,3710060,3710060,0
72142000,462.76,462.76,0
72155000,250,250,0
72163100,7895.4,7895.4,0
72163200,236700,236700,0
72171019,370135.1,370135.1,0
72171090,2863.58,2863.58,0
72172010,30800,30800,0
72172090,17500,17500,0
72193400,8.5,8.5,0
72230000,1882.73,1882.73,0
72292000,1195.81,1195.81,0
73011000,80000,80000,0
73023000,1644,1644,0
73024000,255.03,255.03,0
73030000,509453.32,509453.32,0
73041100,316.72,316.72,0
73041900,72300,72300,0
73042310,118.67,118.67,0
73043910,60,60,0
73049019,6000,6000,0
73066100,5431.75,5431.75,0
73069090,93.8,93.8,0
73071910,617614.34,617614.34,0
73071920,6932.099999999999,6932.099999999999,0
73072100,274.23,274.23,0
73072200,3074.26,3074.26,0
73072900,135.31,135.31,0
73079100,485.87,485.87,0
73079200,26076.71,26076.71,0
73079900,4890.42,4890.42,0
73083000,21344.98,21344.98,0
73084000,2588.09,2588.09,0
73089010,64668.85,64668.85,0
73089090,44928.39,44928.39,0
73090010,19500,19500,0
73090090,302055.66,302055.66,0
73101010,26600,26600,0
73101090,10676,10676,0
73102190,3.58,3.58,0
73102990,16183,16183,0
73110000,1080,1080,0
73121090,75.75,75.75,0
73129000,1596.5,1596.5,0
73130000,123501.7,123501.7,0
73141900,4999.94,4999.94,0
73142000,75624.93,75624.93,0
73143900,27733.33,27733.33,0
73144100,8000,8000,0
73145000,147000,147000,0
73151100,6336.53,6336.53,0
73151210,25431.06,25431.06,0
73151900,833.87,833.87,0
73158100,17901.14,17901.14,0
73158200,4026.77,4026.77,0
73159000,1290.16,1290.16,0
73170090,4851.379999999999,4851.379999999999,0
73181100,576,576,0
73181200,2526793.73,2526793.73,0
73181300,116.15,116.15,0
73181400,3646.61,3646.61,0
73181500,104674.07,104674.07,0
73181600,365878.04,365878.04,0
73181900,15378.04,15378.04,0
73182100,6208.23,6208.23,0
73182200,432128.42,432128.42,0
73182300,877.11,877.11,0
73182400,34620.92000000001,34620.92000000001,0
73182900,238249.63,238249.63,0
73201000,4971,4971,0
73202010,12828.56,12828.56,0
73209000,19342.5,19342.5,0
73211100,1089.9,1089.9,0
73229010,140,140,0
73231000,1105.12,1105.12,0
73239300,6139.52,6139.52,0
73241000,386.56,386.56,0
73249000,20000,20000,0
73251000,350,350,0
73259910,1805.66,1805.66,0
73259990,375.85,375.85,0
73261900,61788.92,61788.92,0
73262000,373.76,373.76,0
73269090,35585.06,35585.06,0
74040000,445876.57,445876.57,0
74072921,1040,1040,0
74111010,2212.34,2212.34,0
74121000,728.4399999999999,728.4399999999999,0
74122000,4950.52,4950.52,9.094947017729282e-13
74152100,100.4,100.4,0
74152900,2665.7,2665.7,0
74153300,12004.33,12004.33,0
74153900,176,176,0
74181000,2200,2200,0
76020000,271499.15,271499.15,0
76042100,182.7,182.7,0
76042920,3460,3460,0
76061220,743204.25,743204.25,0
76072000,7481.599999999999,7481.599999999999,0
76082090,423,423,0
76090000,825.37,825.37,0
76129012,1500,1500,0
76129090,54.9,54.9,0
76151000,192.8,192.8,0
76161000,190.74,190.74,0
76169900,3090.81,3090.81,0
78020000,400,400,0
79020000,2500,2500,0
80012000,84,84,0
80030000,81,81,0
81019700,242626,242626,0
81029700,134218.99,134218.99,0
81029900,8548,8548,0
81093900,77000,77000,0
81121300,14003,14003,0
81125200,4168322,4168322,0
81126100,15204,15204,0
82011000,5000,5000,0
82013000,15000,15000,0
82016000,209.94,209.94,0
82019000,684.97,684.97,0
82021000,300,300,0
82022000,1604.38,1604.38,0
82023900,17,17,0
82024000,1127.4,1127.4,0
82029100,222.49,222.49,0
82031010,1377.32,1377.32,0
82032010,3987.51,3987.51,0
82034000,588.34,588.34,0
82041100,808.81,808.81,0
82041200,1424.97,1424.97,0
82042000,5206.23,5206.23,0
82052000,138.26,138.26,0
82053000,13100,13100,0
82054000,1075.24,1075.24,0
82055100,258.8,258.8,0
82055900,1441.02,1441.02,0
82056000,398.14,398.14,0
82060000,1372.98,1372.98,0
82075011,64.03,64.03,0
82075019,11.5,11.5,0
82079000,383.29,383.29,0
82082000,41250,41250,0
82084000,5899469.140000001,5899469.140000001,0
82089000,21.14,21.14,0
82111000,109.9,109.9,0
82119100,2248.73,2248.73,0
82121020,73506.59999999999,73506.59999999999,0
82130000,5005.9,5005.9,0
82141000,12.9,12.9,0
82152000,4142.7,4142.7,0
82159910,411.2,411.2,0
83011000,325.06,325.06,0
83013000,3276,3276,0
83014000,2611.9,2611.9,0
83015000,130.08,130.08,0
83016000,62,62,0
83017000,193.73,193.73,0
83021000,179.68,179.68,0
83023000,198289.56,198289.56,0
83024100,1349.92,1349.92,0
83024200,189.24,189.24,0
83024900,309.18,309.18,0
83025000,10.54,10.54,0
83040000,200,200,0
83052000,25.75,25.75,0
83062900,8,8,0
83071090,380437.52,380437.52,0
83081000,14960,14960,0
83082000,2.16,2.16,0
83100000,278.89,278.89,0
83111000,979.57,979.57,0
84042000,3975.18,3975.18,0
84069011,60,60,0
84069019,984.72,984.72,0
84072190,20300.5,20300.5,0
84079990,48.1,0,-48.1
84081090,24402.74,24402.74,0
84082020,232000,232000,0
84082090,28080,28080,0
84089010,20000,20000,0
84089090,370,370,0
84099112,0.01,0.01,0
84099113,355.95,355.95,0
84099114,54077.87,54077.87,0
84099116,1019.14,1019.14,0
84099120,3700,3700,0
84099140,1000,1000,0
84099190,265.44,265.44,0
84099912,8500,8500,0
84099914,525.43,525.43,0
84099929,1224.3,1224.3,0
84099930,1320,1320,0
84099961,2136.99,2136.99,0
84099969,21990.31,21990.31,0
84099999,388315.55,388315.55,5.820766091346741e-11
84109000,144.54,144.54,0
84119100,3309.23,3309.23,0
84122110,35561.14,35561.14,0
84122900,92101.09,92101.09,0
84123110,1588,1588,0
84129080,1636.43,1636.43,0
84129090,701.71,701.71,0
84131900,40.5,40.5,0
84132000,1135.28,1135.28,0
84133020,4286.66,4286.66,0
84133030,31663.39,31663.39,0
84133090,85947.59000000001,85947.59000000001,0
84135010,1505,1505,0
84135090,13800,13800,0
84136011,45792.45,45792.45,0
84136090,940,940,0
84137010,34427.35,34427.35,0
84137090,68661.48,68661.48,0
84138100,48960.5,48960.5,0
84139190,14242.78,14242.78,0
84142000,17.95,17.95,0
84143091,379,379,0
84145190,40117.16,40117.16,0
84145990,47492.1,47492.10000000001,7.275957614183426e-12
84146000,3992,3992,0
84148011,13339.59,13339.59,0
84148019,869.3199999999999,869.3199999999999,0
84149020,28971.94,28971.94,0
84149032,739.4,739.4,0
84149039,5914.59,5914.59,0
84151011,18132.65,18132.65,0
84158290,11900,11900,0
84159090,5324,5324,0
84171010,621349.03,621349.03,0
84182100,2200,2200,0
84184000,3699,3699,0
84185010,2400,2400,0
84186920,200000,200000,0
84186940,30000,30000,0
84186999,2200,2200,0
84193400,52142.58,52142.58,0
84194010,3830001.22,3830001.22,0
84195090,125000,125000,0
84198110,10000,10000,0
84198190,3648.95,3648.95,0
84211190,1290,1290,0
84211290,7995711.73,7995711.73,0
84212100,230,230,0
84212300,608695.61,608695.61,0
84212930,9611.35,9611.35,0
84212990,85644.81999999999,85644.81999999999,0
84213100,125344.19,125344.19,0
84213200,4312,4312,0
84213910,853.99,853.99,0
84213990,100428.03,100428.03,0
84219199,671,671,0
84219910,41998.92,41998.92,0
84219999,326142.46,326142.46,-5.820766091346741e-11
84221900,2100,2100,0
84224010,419000,419000,0
84224090,82010,82010,0
84229090,150500,150500,0
84233011,5166.5,5166.5,0
84233090,35900,35900,0
84238190,104.46,104.46,0
84243010,756.76,756.76,0
84243090,70390.55,70390.55,0
84244100,2789950.78,2789950.78,0
84244900,65753424.93,65753424.93,0
84248221,2708301.07,2708301.07,0
84248229,2728535.01,2728535.01,0
84248290,40705685.37,40705685.37,0
84248910,76,76,0
84248990,1431997.68,1431997.68,0
84249090,1433442.27,1433442.27,0
84251910,400,400,0
84253990,9000,9000,0
84254200,2401.45,2401.45,0
84264110,15201,15201,0
84264910,22500,22500,0
84264990,441000,441000,0
84269100,50000,50000,0
84269900,600000,600000,0
84271019,50000,50000,0
84271090,110000,110000,0
84272090,1146998,1146998,0
84279000,360000,360000,0
84281000,65000,65000,0
84282090,7675.8,7675.8,0
84283200,55500,55500,0
84283300,1088.26,1088.26,0
84289090,17950,17950,0
84291110,279300,279300,0
84291190,1366000,1366000,0
84292010,400000,400000,0
84292090,1130000,1130000,0
84294000,58500,58500,0
84295119,2053197.5,2053197.5,0
84295191,400000,400000,0
84295192,65000,65000,0
84295199,5681808.55,5681808.55,0
84295219,8947500,8947500,0
84295290,59500,59500,0
84295900,4079820,4079820,0
84303110,87750,87750,0
84305000,45000,45000,0
84306100,960.26,960.26,0
84306919,14960,14960,0
84306990,8394123.74,8394123.74,0
84311090,34.48,34.48,0
84312011,10000,10000,0
84313900,3365.46,3365.46,0
84314100,368.82,368.82,0
84314310,390,390,0
84314923,122750,122750,0
84314929,61990.36,61990.36,0
84321000,844302.35,844302.35,0
84322100,3227727.49,3227727.49,0
84322900,2036903.45,2036903.45,0
84323110,45388105.29,45388105.29,0
84323190,4267327.51,4267327.51,0
84323910,5180411.11,5180411.11,0
84323990,11553294.34,11553294.34,0
84324100,1526527.08,1526527.08,0
84324200,15168788.98,15168788.98,0
84328000,11229019.22,11229019.22,0
84329000,13338269.24,13338269.24,-1.862645149230957e-09
84331100,86591.11,86591.11,0
84331900,5578.21,5578.21,0
84332010,1428303.7,1428303.7,0
84332090,6183400,6183400,0
84333000,826000,826000,0
84334000,2487456,2487456,0
84335100,173105611.61,173105611.61,0
84335200,852000,852000,0
84335300,36000,36000,0
84335911,650000,650000,0
84335919,35398657.38,35398657.38,0
84335990,37944500.18,38134500.18,190000
84336010,95160,95160,0
84336029,2000,2000,0
84336090,194000,194000,0
84339010,31865.56,31865.56,0
84339090,4115350.21,4115350.21,0
84341000,915000,915000,0
84342010,155180,155180,0
84349000,2960,2960,0
84361000,2628435,2628435,0
84362100,48752.04,48752.04,0
84362900,16720,16720,0
84368000,13262437.54,13262437.54,0
84369100,9747,9747,0
84369900,229420.61,229420.61,0
84371000,436100,436100,0
84378010,17000,17000,0
84379000,747970,747970,0
84384000,20000,20000,0
84386000,103000,103000,0
84413090,8250,8250,0
84424020,384.61,384.61,0
84433232,624.9,624.9,0
84433240,1614,1614,0
84439110,2964.9,2964.9,0
84462100,25000,25000,0
84482030,490000,490000,0
84483290,547981.3400000001,547981.3400000001,0
84483390,11012.3,11012.3,0
84490099,50000,50000,0
84502090,1799,1799,0
84513099,10000,10000,0
84518000,230000,230000,0
84559000,5000,5000,0
84601900,75,75,0
84603900,3000,3000,0
84609090,144,144,0
84614099,243708.18,243708.18,0
84626100,8000,8000,0
84629000,17937.42,17937.42,0
84659310,440,440,0
84659900,107000,107000,0
84669320,200,200,0
84669360,13.7,13.7,0
84671190,553487.69,553487.69,0
84671900,8277.73,8277.73,0
84672200,3300,3300,0
84672992,1117.5,1117.5,0
84678100,11500,11500,0
84678900,25000,25000,0
84679200,569,569,0
84679900,45,45,0
84689010,370.9,370.9,0
84689090,13.08,13.08,0
84713019,1000,1000,0
84714100,62800,62800,0
84715010,4769.65,4769.65,0
84715090,499.49,499.49,0
84716052,68.26,68.26,0
84717040,175.16,175.16,0
84718000,691.31,691.31,0
84733031,2160,2160,0
84733042,200,200,0
84743100,8800,8800,0
84749000,124,124,0
84768990,26106.66,26106.66,0
84772010,289.37,289.37,0
84781010,100000,100000,0
84798190,2500,2500,0
84798210,417051.33,417051.33,0
84798290,11520.16,11520.16,0
84798940,7638697.720000001,7638697.720000001,0
84798999,5959.25,5959.25,0
84799090,29014.6,29014.6,0
84807910,367.5,367.5,0
84811000,12761.14,12761.14,0
84812019,16964.78,16964.78,0
84812090,36188.38,36188.38,0
84813000,27230.47,27230.47,0
84814000,5366.48,5366.48,0
84818011,68,68,0
84818019,81669.37,81669.37,0
84818021,614.5999999999999,614.5999999999999,0
84818092,20121.2,20121.2,0
84818093,300,300,0
84818094,2629.8,2629.8,0
84818095,1420.41,1420.41,0
84818096,5050.2,5050.2,0
84818099,82876.42,82876.42,0
84819010,3303542.65,3303542.65,0
84819090,17218.3,17218.3,0
84821010,119037.62,119037.62,0
84821090,11679.13,11679.13,0
84822010,28474.33,28474.33,0
84822090,20075.15,20075.15,0
84823000,994.2,994.2,0
84824000,4250.1,4250.1,0
84825010,6667235.48,6667235.48,0
84825090,13247.44,13247.44,0
84828000,36794.28,36794.28,0
84829120,1637.63,1637.63,0
84829130,1763.49,1763.49,0
84829190,80,80,0
84829910,4196.26,4196.26,0
84829990,7769.63,7769.63,0
84831019,825490,825490,0
84831020,248.76,248.76,0
84831030,15118.24,15118.24,0
84831040,3600,3600,0
84831050,2000,2000,0
84831090,31005.53,31005.53,0
84832000,45195.59,45195.59,0
84833010,44459.23,44459.23,0
84833029,930,930,0
84833090,19196.51,19196.51,0
84834010,60321.81,60321.81,0
84834090,83773.71999999999,83773.71999999999,0
84835010,11998.17,11998.17,0
84835090,12969.26,12969.26,0
84836019,532.78,532.78,0
84836090,3614.82,3614.82,0
84839000,62858.46000000001,62858.46000000001,0
84841000,6200.4,6200.4,0
84842000,28725.03,28725.03,0
84849000,9982.45,9982.45,0
84852000,2338.44,2338.44,0
84879000,808711.76,808711.76,0
85011019,44000,44000,0
85013110,26346.31,26346.31,0
85013120,35000,35000,0
85013220,67602.85,67602.85,0
85013320,289418.39,289418.39,0
85015210,33288.92,33288.92,0
85016200,50000,50000,0
85016300,138000,138000,0
85017210,15000,15000,0
85021110,64793.96,64793.96,0
85021210,12526.58,12526.58,0
85022011,30000,30000,0
85030090,15428.14,15428.14,0
85042100,70869.08,70869.08,0
85042300,40000,40000,0
85043111,2900,2900,0
85043221,5000,5000,0
85043300,6500,6500,0
85044021,86.4,86.4,0
85044030,197.22,197.22,0
85044040,1951.04,1951.04,0
85044050,124,124,0
85052090,1582.23,1582.23,0
85059080,68.07,68.07,0
85065090,179,179,0
85071090,30775.75,30775.75,0
85072010,1172.79,1172.79,0
85072090,800,800,0
85078000,462,462,0
85081100,167.75,167.75,0
85086000,163,163,0
85094030,1120,1120,0
85094090,215000,215000,0
85098090,1919893.17,1919893.17,0
85101000,170.05,170.05,0
85111000,50.22,50.22,0
85113010,42000,42000,0
85113020,284.31,284.31,0
85115010,83.32,83.32,0
85118010,44,44,0
85118030,108.34,108.34,0
85118090,80000,80000,0
85119000,1930.06,1930.06,0
85122011,53678.57,53678.57,0
85122021,65,65,0
85122023,328,328,0
85122029,731.51,731.51,0
85123000,50,50,0
85124010,21532.75,21532.75,0
85129000,2212.36,2212.36,0
85131010,1450,1450,0
85141090,53582.2,53582.2,0
85151100,150,150,0
85153100,1625,1625,0
85161000,2162.36,2162.36,0
85163100,110,110,0
85165000,2889.69,2889.69,0
85166000,513.22,513.22,0
85167910,369.83,369.83,0
85167990,14.6,14.6,0
85171100,553.54,553.54,0
85171300,317324.62,317324.62,0
85171431,2100,2100,0
85176130,3900,3900,0
85176239,934.47,934.47,0
85176241,27935.53,27935.53,0
85176262,28935.11,28935.11,0
85176277,12725.62,12725.62,0
85176299,237,237,0
85182200,2269.51,2269.51,0
85183000,105.81,105.81,0
85219000,20312.03,20312.03,0
85235190,1165.27,1165.27,0
85235290,3176.04,3176.04,0
85255029,1100,1100,0
85256010,9000,9000,0
85258911,200,200,0
85261000,8000,8000,0
85269100,367096.5,367096.5,0
85285200,3159.99,3159.99,0
85285900,32000,32000,0
85287200,43119.97,43119.97,0
85291090,1847.52,1847.52,0
85299012,100,100,0
85299020,260,260,0
85311090,85192.99,85192.99,0
85312000,2294.45,2294.45,0
85318000,8100,8100,0
85321000,183.75,183.75,0
85332900,269044,269044,0
85333110,500,500,0
85334092,2150000,2150000,0
85334099,4711.62,4711.62,0
85352900,230880,230880,0
85353028,58,58,0
85354090,2096.13,2096.13,0
85359090,1752.78,1752.78,0
85361000,27.52,27.52,0
85362000,4745.21,4745.21,0
85363090,77556.8,77556.8,0
85364100,100926.6,100926.6,0
85364900,5397.53,5397.53,0
85365090,91037.78,91037.78,0
85366910,278185.4,278185.4,0
85366990,341.8,341.8,0
85369010,812,812,0
85369020,1065.4,1065.4,0
85369040,120,120,0
85369050,2834.96,2834.96,0
85369090,168612.53,168612.53,0
85371020,2600,2600,0
85371090,7533,7533,0
85372090,2256.75,2256.75,0
85381000,785.66,785.66,0
85389010,875.32,875.32,0
85389090,17087.97,17087.97,0
85391010,449,449,0
85392110,945.24,945.24,0
85392190,45,45,0
85392910,614.02,614.02,0
85392990,15,15,0
85399090,282.05,282.05,0
85402090,145.71,145.71,0
85419010,1222,1222,0
85423120,30,30,0
85423999,46.57,46.57,0
85432000,1540.08,1540.08,0
85437020,598950,598950,0
85437039,3980,3980,0
85437099,15622.98,15622.98,0
85441100,1500,1500,0
85441990,1600.95,1600.95,0
85443000,39465.57,39465.57,0
85444200,15202.62,15202.62,0
85444900,33246.43,33246.43,0
85446000,264.6,264.6,0
85459030,2661.06,2661.06,0
85461000,500,500,0
85462000,1239.3,1239.3,0
85469000,162,162,0
85471000,329.05,329.05,0
85472090,2161.2,2161.2,0
85479000,789.21,789.21,0
85491100,39962,39962,0
85492900,2250,2250,0
86061000,2000,2000,0
86071990,546,546,0
86072900,180,180,0
86073000,1517.14,1517.14,0
86080011,3844.09,3844.09,0
86090000,26250,26250,0
87011000,14727743.84,14727743.84,0
87012000,362000,362000,0
87012100,3781000,3781000,0
87012900,825000,825000,0
87013000,1898486.4,1898486.4,0
87019090,3095000,3095000,0
87019100,4371000,4371000,0
87019200,2680000,2680000,0
87019300,23937294.62,23937294.62,0
87019410,2072000,2072000,0
87019490,34132175.93,34132175.93,0
87019510,2609424.37,2609424.37,0
87019590,65262417.91,65262417.91,0
87021000,145000,145000,0
87029000,373800,373800,0
87032100,13952689.79,13952689.79,0
87032210,17046916.36,17046916.36,0
87032290,1254000,1254000,0
87032310,97772559.86,97772559.86,0
87032390,1360970,1360970,0
87032410,9085983.09,9085983.09,0
87032490,861150,861150,0
87033110,90000,90000,0
87033190,98000,98000,0
87033210,3417990,3417990,0
87033290,1261091,1261091,0
87033310,7800531,7800531,0
87033390,3309000,3309000,0
87034000,1163150,1163150,0
87036000,1444900,1444900,0
87038000,905000,905000,0
87039000,2423650.77,2423650.77,0
87041090,427000,427000,0
87042110,3424799.7,3424799.7,0
87042120,90000,90000,0
87042190,15032116.5,15032116.5,0
87042210,3280000,3280000,0
87042230,15000,15000,0
87042290,520000,520000,0
87042310,3257200,3257200,0
87042390,270000,270000,0
87043110,551742,551742,0
87043120,611550,611550,0
87043190,7069259.09,7069259.09,0
87043210,750000,750000,0
87045200,200000,200000,0
87049000,1109858.72,1109858.72,0
87051020,50206,50206,0
87051090,1289850,1289850,0
87059010,225000,225000,0
87059090,180000,180000,0
87071000,374000,374000,0
87079090,329800,329800,0
87081000,5616.139999999999,5616.139999999999,0
87082911,1600,1600,0
87082912,176000,176000,0
87082913,260.1,260.1,0
87082919,3849.44,3849.44,0
87082993,20,20,0
87082999,352019.33,352019.33,0
87083011,57.42,57.42,0
87083019,736.02,736.02,0
87083090,5132.67,5132.67,0
87084019,54700.03,54700.03,0
87084080,2527.7,2527.7,0
87084090,8278,8278,0
87085011,29698.28,29698.28,0
87085080,3033.45,3033.45,0
87085091,5288.18,5288.18,0
87085099,133918.08,133918.08,0
87087010,326,326,0
87087090,31444.1,31444.1,0
87088000,19428.77,19428.77,0
87089100,525.81,525.81,0
87089200,1107.27,1107.27,0
87089300,41852.36,41852.36,0
87089412,903642.45,903642.45,0
87089483,1101.05,1101.05,0
87089490,8122.09,8122.09,0
87089510,783.28,783.28,0
87089529,3600,3600,0
87089990,1888375.09,1888375.09,0
87091100,1853234.95,1853234.95,0
87099000,242024.5,242024.5,0
87112010,57000,57000,0
87112020,916302,916302,0
87112090,64000,64000,0
87113000,569502,569502,0
87114000,57000,57000,0
87115000,552000,552000,0
87116000,4000,4000,0
87120010,20000,20000,0
87141000,26009.86,26009.86,0
87149200,331.05,331.05,0
87149311,632900,632900,0
87149410,1080,1080,0
87150000,20000,20000,0
87162000,7137067.54,7137067.54,0
87163100,125650,125650,0
87163900,773000,773000,0
87164000,273000,273000,0
87168000,43000,43000,0
87169010,60000,60000,0
87169090,254307.34,254307.34,0
88022022,360000,360000,0
88023031,1578780,1578780,0
88073000,1330.65,1330.65,0
89019000,100978.04,100978.04,0
89020090,1500,1500,0
89032100,11800,11800,0
89039900,120000,120000,0
89079000,9200,9200,0
89768400,250,0,-250
90019010,6.779999999999999,6.779999999999999,0
90022010,4188.25,4188.25,0
90022090,227.5,227.5,0
90031910,15.5,15.5,0
90041000,3717.82,3717.82,0
90049020,3872.43,3872.43,0
90111000,1280156.5,1280156.5,0
90131010,9570,9570,0
90152090,240,240,0
90158090,68,68,0
90172000,858.1,858.1,0
90178010,56.7,56.7,0
90178090,4491353,4491353,0
90182090,150000,150000,0
90200010,1811.43,1811.43,0
90200090,998.4300000000001,998.4300000000001,0
90211010,10802.5,10802.5,0
90212110,76.99,76.99,0
90213919,533042.6,533042.6,0
90213999,458500,458500,0
90219080,12125409.75,12125409.75,0
90258000,30703.68,30703.68,0
90261019,6377.09,6377.09,0
90261029,1905.87,1905.87,0
90262010,2311.79,2311.79,0
90262090,3637.45,3637.45,0
90268000,30096.38,30096.38,0
90269010,1279.19,1279.19,0
90282010,9067.15,9067.15,0
90291010,706,706,0
90292010,30156.53,30156.53,0
90299010,63.13,63.13,0
90303100,225.95,225.95,0
90303390,2017289.45,2017289.45,0
90314990,35791.23,35791.23,0
90318040,11000,11000,0
90318060,4200,4200,0
90318099,49695,49695,0
90321010,354,354,0
90321090,981.8100000000001,981.8100000000001,0
90322000,952.86,952.86,0
90328100,34.85,34.85,0
90328911,2073,2073,0
90328929,24530.58,24530.58,0
90328981,2105.18,2105.18,0
90328982,1315.65,1315.65,0
90328989,2610.04,2610.04,0
90328990,7635.76,7635.76,0
90329091,594.01,594.01,0
90329099,439.5,439.5,0
90330000,113800,113800,0
91061000,430.74,430.74,0
91139000,2,2,0
91149000,300,300,0
93062900,750,750,0
93063000,240,240,0
94018000,5586,5586,0
94019900,4000,4000,0
94032010,10000,10000,0
94032090,1785.91,1785.91,0
94033000,19330.8,19330.8,0
94035000,12799.9,12799.9,0
94036000,100,100,0
94037000,76000,76000,0
94042900,1020,1020,0
94051990,69.95,69.95,0
94069090,47300,47300,0
95030010,2100,2100,0
95030099,23.95,23.95,0
95049010,3500.12,3500.12,0
95059000,10211.75,10211.75,0
95071000,2400,2400,0
96019000,8875.4,8875.4,0
96034010,54,54,0
96034090,104.64,104.64,0
96035000,8071.18,8071.18,0
96039000,537026.8499999999,537026.8499999999,0
96061000,188,188,0
96062100,1288,1288,0
96062900,1682468.62,1682468.62,0
96082000,59.8,59.8,0
96089989,1083.1,1083.1,0
96091000,81.4,81.4,0
96121000,69.02,69.02,0
96139000,189,189,0
96170010,639.8,639.8,0
97019100,60340,60340,0
97019900,100000,100000,0
97069000,899870.49,899870.49,0
99920000,1018.93,0,-1018.93
99999991,18002.91,0,-18002.91
99999998,94913.39,0,-94913.39
99999999,251601780.73,0,-251601780.73
