produto_interno_bruto_1,1199092_111000002,1315755_47899999,1488787_2559999959,1717950_4089999902,1957751_2169999941,2170584_5149999997,2409449_882999989,2720262_966000002,3109803_093000006,3333039_3110000165,3885847_0,4376382_0,4814760_0,5331619_0,5778953_0,5995787_0,6269328_0,6585479_0,7004141_0,7389131_0,7609597_0,9012142_0
Valor adicionado bruto ,1031326.4260000018,1120421.88099999,1270214.646999996,1470717.2569999902,1661982.115999994,1842818.4139999996,2049289.9449999891,2319528.296000002,2626477.712000006,2849762.7940000165,3302840.0,3720461.0,4094259.0,4553760.0,4972734.0,5155601.0,5419822.0,5671926.0,6011150.0,6356684.0,6594937.0,7713999.0
   Empresas não financeiras,494237.92000000295,541906.4870000038,610666.3839999991,744166.8799999971,883952.5729999915,973458.2349999927,1096789.4900000214,1242342.2520000145,1435594.1999999979,1551806.9020000063,1836976.0,2102992.0,2301347.0,2530103.0,2755684.0,2777949.0,2853045.0,2992762.0,3218885.0,3400640.0,3581664.0,4512117.0
   Empresas financeiras,69560.56399999998,78939.55800000002,99597.935,108335.90900000003,107035.827,130099.72100000002,145943.473,168569.86899999998,169327.144,186083.486,222761.0,237620.0,258358.0,270196.0,316339.0,362977.0,423501.0,427199.0,419897.0,457437.0,451173.0,443669.0
   Governo geral,161836.83800000002,184195.99099999995,209388.68400000007,235655.84199999995,259678.61899999983,295129.90599999996,333619.7860000002,377110.174,434222.689,487178.80600000004,537845.0,598059.0,652101.0,746187.0,816808.0,885587.0,945121.0,1000975.0,1045385.0,1106091.0,1146900.0,1218956.0
   Famílias,291381.725,300183.54999999993,334861.525,365331.14399999985,392109.7749999999,421033.6469999998,446448.9360000002,504786.83199999924,557663.3879999997,591455.2510000004,669111.0,741634.0,837725.0,957897.0,1032013.0,1074849.0,1142223.0,1192582.0,1264920.0,1327538.0,1351100.0,1472568.0
   Instituições sem fins de lucro a serviço das famílias,14309.379000000008,15196.294999999947,15700.11900000002,17227.482000000018,19205.321999999964,23096.90499999997,26488.2599999999,26719.169000000045,29670.29099999999,33238.349,36147.0,40156.0,44728.0,49377.0,51890.0,54239.0,55932.0,58408.0,62063.0,64978.0,64100.0,66689.0
Remuneração dos empregados,469949.2270000001,520500.9380000001,579309.6810000001,661552.0320000001,750180.1119999998,851698.0630000001,963283.2769999999,1094553.69,1261043.725,1413173.186,1618190.0,1846781.0,2058854.0,2305713.0,2515369.0,2672020.0,2802436.0,2920537.0,3055773.0,3217680.0,3192343.0,3534648.0
   Empresas não financeiras,249976.28100000002,274694.4340000001,304879.1870000001,357366.7430000001,413063.2559999999,466294.3430000001,527019.321,604014.6070000001,703462.593,789265.555,922732.0,1075904.0,1216947.0,1351583.0,1480692.0,1559842.0,1614413.0,1665988.0,1746812.0,1839784.0,1798221.0,2055730.0
   Empresas financeiras,37508.162000000004,39904.598,41064.784,43920.429,47528.740000000005,53020.995,59689.918,66598.09899999999,73271.892,78177.25700000001,90121.0,98031.0,110298.0,119530.0,128369.0,143104.0,156672.0,162621.0,165090.0,179652.0,181149.0,200975.0
   Governo geral,142192.502,162611.252,185592.715,207752.068,228704.23599999998,261357.85499999998,297899.338,339490.46,391998.686,441006.137,487166.0,541126.0,589064.0,675979.0,738605.0,797857.0,847005.0,897677.0,938493.0,990240.0,1028949.0,1076913.0
   Famílias,28608.028000000002,30382.191000000006,34392.831,37852.265,44380.88799999999,50145.892,54669.831000000006,60780.69599999999,65928.421,75149.25900000002,85299.0,94667.0,101493.0,113286.0,120386.0,121732.0,133462.0,141075.0,148861.0,149031.0,125701.0,140721.0
   Instituições sem fins de lucro a serviço das famílias,11664.254,12908.463000000002,13380.164,14660.527000000004,16502.992000000002,20878.978,24004.869000000002,23669.827999999998,26382.132999999998,29574.978,32872.0,37053.0,41052.0,45335.0,47317.0,49485.0,50884.0,53176.0,56517.0,58973.0,58323.0,60309.0
Excedente operacional bruto e rendimento misto bruto,552241.1980000029,588708.9420000035,675601.962999999,791059.2239999968,888725.0019999914,965694.3499999923,1058893.6680000217,1192649.6070000138,1325386.9879999976,1391477.6070000066,1641762.0,1832261.0,1990402.0,2198001.0,2401241.0,2424832.0,2556522.0,2681553.0,2871210.0,3047933.0,3316203.0,4078389.0
   Empresas não financeiras,236670.10100000293,257529.43900000368,293065.15999999904,370991.860999997,451557.1999999916,485344.33699999255,547101.1600000215,610250.9080000145,695871.8519999979,721484.5240000063,875264.0,988496.0,1042432.0,1133417.0,1225675.0,1167108.0,1185397.0,1261938.0,1394568.0,1476990.0,1705357.0,2360074.0
   Empresas financeiras,29605.02199999998,36277.46800000002,55243.0,61300.67700000003,55521.845,72975.07800000002,81153.92899999999,96719.26199999999,92351.00899999999,103797.46399999999,128811.0,135073.0,143367.0,144935.0,181677.0,212596.0,259637.0,256737.0,246584.0,269191.0,260762.0,236553.0
   Governo geral,19642.99600000001,21583.002999999942,23794.00000000007,27901.005999999947,30971.006999999856,33768.99299999998,35716.00000000021,37616.99799999998,42218.00700000003,46150.00400000005,50659.0,56846.0,62937.0,70093.0,78079.0,87589.0,97958.0,103129.0,106712.0,115684.0,117673.0,141869.0
   Famílias (aluguel e rendimento misto bruto),263962.942,271297.70199999993,301489.582,328660.63999999984,348373.4969999999,371796.00999999983,392891.7670000002,445541.61399999924,492313.39999999973,517084.98900000035,584404.0,649167.0,738559.0,846241.0,912052.0,953644.0,1009359.0,1055485.0,1118889.0,1181143.0,1227671.0,1334533.0
   Instituições sem fins de lucro a serviço das famílias,2360.1370000000074,2021.3299999999458,2010.22100000002,2205.0400000000145,2301.452999999962,1809.9319999999707,2030.8119999998978,2520.8250000000476,2632.719999999992,2960.626000000003,2624.0,2679.0,3107.0,3315.0,3758.0,3895.0,4171.0,4264.0,4457.0,4925.0,4740.0,5360.0
Saldo das rendas primárias brutas (Renda nacional bruta) (2),1164560.0080000034,1273035.4030000037,1438841.3249999988,1663431.970999997,1899911.8509999912,2107840.453999992,2349156.296000022,2662481.9220000138,3033549.6029999973,3259287.6980000064,3765812.0,4263922.0,4694630.0,5257535.0,5671266.0,5882965.0,6136322.0,6462363.0,6809381.0,7190749.0,7450838.0,8730974.0
   Empresas não financeiras,119477.85800000292,143086.9190000037,170573.9109999991,245015.94999999704,280699.0259999916,305332.78699999256,358890.0120000215,418898.1020000145,457924.47999999794,456275.8630000063,506211.0,611760.0,640619.0,774053.0,848229.0,840594.0,797156.0,837388.0,842202.0,788196.0,1075480.0,1265355.0
   Empresas financeiras,34052.36099999999,23022.413,69198.70299999986,65000.05400000025,59648.05800000002,85337.66300000002,115326.99799999996,130545.51899999994,118297.02099999985,121198.82399999995,126531.0,154631.0,114996.0,137684.0,155044.0,191765.0,213199.0,244403.0,218783.0,212069.0,285318.0,302696.0
   Governo geral,141285.06400000013,159776.86600000004,173511.093,196927.67299999995,280406.27299999987,296199.8030000001,312059.51500000036,355941.32000000007,456245.21999999986,476285.00899999985,575176.0,602047.0,699763.0,744105.0,755055.0,660129.0,775380.0,857995.0,959310.0,1106999.0,1039994.0,1398215.0
   Famílias,865820.9970000002,943583.455,1021811.1769999997,1151795.4559999998,1274152.0369999998,1416038.853,1557502.992,1751200.1609999996,1994877.8769999996,2196627.1470000003,2546793.0,2885497.0,3230004.0,3593023.0,3903207.0,4178870.0,4339381.0,4511056.0,4773927.0,5070170.0,5034849.0,5745564.0
   Instituições sem fins de lucro a serviço das famílias,3923.7280000000073,3565.749999999946,3746.44100000002,4692.838000000014,5006.456999999961,4931.347999999971,5376.778999999898,5896.820000000048,6205.004999999992,8900.855000000003,11101.0,9987.0,9248.0,8670.0,9731.0,11607.0,11206.0,11521.0,15159.0,13315.0,15197.0,19144.0
Renda disponível bruta,1167310.9380000033,1276857.3310000037,1446105.4549999987,1672181.894999997,1909378.6009999912,2116426.0589999924,2358482.8760000216,2670170.100000014,3041288.3099999973,3265693.580000006,3770497.0,4268375.0,4699524.0,5264733.0,5676902.0,5891361.0,6145502.0,6469621.0,6808200.0,7194322.0,7461736.0,8746788.0
   Empresas não financeiras,68669.72800000291,84840.2990000037,86605.91099999909,144198.15999999703,173737.56599999158,177273.10699999257,216921.64200002153,249440.74200001452,290921.7699999979,279778.8630000063,320043.0,386766.0,392774.0,506681.0,586209.0,556840.0,468857.0,503295.0,507934.0,438614.0,727236.0,770105.0
   Empresas financeiras,32761.55499999999,40129.56,73609.58799999987,55906.02300000025,68238.82400000002,85660.13100000001,127873.95899999997,173398.52299999993,132899.68199999986,101947.26599999996,126294.0,130120.0,121467.0,117773.0,128429.0,210769.0,199467.0,205000.0,170867.0,193531.0,249114.0,267140.0
   Governo geral,195834.81200000015,208777.32600000003,247981.82199999996,289805.7399999999,358892.76399999985,410465.74500000005,423326.7840000003,466441.5450000001,600916.4569999999,628186.8449999997,769351.0,856535.0,948987.0,1009908.0,978402.0,884973.0,981236.0,961210.0,1105372.0,1214277.0,748877.0,1655495.0
   Famílias,849321.1150000001,921972.3960000001,1011475.0629999996,1154362.1339999998,1276698.0699999998,1406509.828,1546184.0019999999,1737958.3699999996,1969034.3359999994,2202387.751,2492302.0,2828939.0,3161213.0,3550416.0,3898396.0,4148220.0,4404397.0,4704231.0,4918180.0,5236490.0,5625181.0,5937056.0
   Instituições sem fins de lucro a serviço das famílias,20723.728000000006,21137.749999999945,26433.07100000002,27909.838000000014,31811.37699999996,36517.24799999997,44176.4889999999,42930.92000000005,47516.06499999999,53392.855,62507.0,66015.0,75083.0,79955.0,85466.0,90559.0,91545.0,95885.0,105847.0,111410.0,111328.0,116992.0
Poupança bruta,167741.24300000313,178846.18800000357,229645.71399999844,281979.8599999972,369134.2529999917,393106.7019999927,443534.15500002174,526115.0190000145,597910.2539999974,545696.8730000058,691364.0,813523.0,850510.0,967036.0,931624.0,870392.0,839721.0,894604.0,888919.0,904130.0,1124528.0,1544682.0
   Empresas não financeiras,68669.72800000291,84840.2990000037,86605.91099999909,144198.15999999703,173737.56599999158,177273.10699999257,216921.64200002153,249440.74200001452,290921.7699999979,279778.8630000063,320043.0,386766.0,392774.0,506681.0,586209.0,556840.0,468857.0,503295.0,507934.0,438614.0,727236.0,770105.0
   Empresas financeiras,24175.55499999999,31298.559999999998,62610.58799999987,37978.02300000025,49901.824000000015,65872.13100000001,103055.95899999997,146290.52299999993,99742.68199999984,77774.26599999996,93460.0,114136.0,84446.0,99363.0,110802.0,152028.0,167587.0,196101.0,159231.0,144715.0,230700.0,240034.0
   Governo geral,-33183.93799999985,-54434.13699999999,-56334.906000000046,-49072.877000000095,-16010.584000000148,-14258.698999999964,-51304.38599999971,-58999.526999999944,-1228.564000000013,-43197.66700000025,9002.0,14210.0,27466.0,-27898.0,-162091.0,-335222.0,-330428.0,-372629.0,-313694.0,-258629.0,-811974.0,-58703.0
   Famílias,107549.40600000008,116848.53999999992,136252.6289999995,148396.96499999997,161027.29700000025,163971.84600000014,175213.71900000004,189576.06599999988,208674.36499999976,231218.6919999998,267784.0,296791.0,343646.0,385540.0,394290.0,493510.0,531088.0,563059.0,531854.0,576071.0,972157.0,591302.0
   Instituições sem fins de lucro a serviço das famílias,530.4920000000056,292.9259999999449,511.4920000000202,479.5890000000145,478.14999999996144,248.31699999997363,-352.77900000009686,-192.78499999995256,-199.9990000000107,122.7190000000046,1075.0,1620.0,2178.0,3350.0,2414.0,3236.0,2617.0,4778.0,3594.0,3359.0,6409.0,1944.0
Formação bruta de capital fixo,219487.66300000003,242336.97999999998,266883.7350000001,285261.518,339087.07800000004,370218.88599999994,414673.54500000004,489532.02700000006,602845.578,636675.7750000001,797946.0,901927.0,997460.0,1114944.0,1148453.0,1069397.0,973271.0,958779.0,1057409.0,1143185.0,1260227.0,1614782.0
   Empresas não financeiras,107588.413,126043.383,133121.543,148638.10199999993,180946.53800000003,202842.456,226613.541,275536.264,352133.175,340968.1450000001,430261.0,500755.0,536301.0,598018.0,590207.0,547928.0,477670.0,481164.0,556260.0,618552.0,696813.0,940970.0
   Empresas financeiras,3042.5890000000004,1499.9229999999998,1456.2409999999998,810.4839999999998,3041.577,3882.9780000000005,3523.94,3520.6890000000008,3633.2039999999997,5368.884,6428.0,7366.0,8235.0,9422.0,9864.0,7692.0,7590.0,7781.0,9373.0,12444.0,13718.0,16964.0
   Governo geral,26532.001000000004,31947.001,36730.999,32732.999,40956.0,45887.001000000004,57889.99799999999,68128.0,88689.00100000002,99030.002,125668.0,123637.0,131379.0,143840.0,171540.0,136072.0,121248.0,109218.0,119172.0,121045.0,139686.0,151189.0
   Famílias,81408.53800000002,81411.25699999998,94471.81200000006,102163.88400000003,113119.69699999999,116177.94299999998,125113.29100000004,140586.73399999997,156287.316,188950.413,232612.0,266481.0,316948.0,358359.0,371432.0,372116.0,361645.0,355517.0,367493.0,386292.0,405061.0,499699.0
   Instituições sem fins de lucro a serviço das famílias,916.122,1435.416,1103.1399999999999,916.0490000000003,1023.2660000000002,1428.5079999999994,1532.775,1760.3399999999997,2102.8819999999982,2358.331,2977.0,3688.0,4597.0,5305.0,5410.0,5589.0,5118.0,5099.0,5111.0,4852.0,4949.0,5960.0
Capacidade (+)/Necessidade (-) líquida de financiamento,-58690.55899999689,-67504.86999999643,-29908.954000001635,-7366.673000002781,17795.725999991646,20126.16099999274,14647.141000021691,-12547.753999985563,-74143.97800000248,-80333.69999999425,-155375.0,-141253.0,-180264.0,-188889.0,-255304.0,-171976.0,-97814.0,-67357.0,-166749.0,-240979.0,-80538.0,-213447.0
   Empresas não financeiras,-48983.79699999709,-53696.52399999631,-41911.12600000091,-7382.377000002885,-17673.926000008458,-27598.597000007434,-24013.861999978468,-75067.7439999855,-137493.27400000204,-50178.549999993775,-160540.0,-171354.0,-179283.0,-137409.0,-51801.0,25498.0,21952.0,7112.0,-50020.0,-189445.0,58227.0,-321778.0
   Empresas financeiras,23555.294999999987,37928.405,63292.14199999988,37057.50800000025,46756.15800000002,61859.717000000004,99261.13999999996,142676.04199999993,100195.52899999983,72369.36299999995,86812.0,106562.0,76077.0,89654.0,100610.0,144001.0,159534.0,187894.0,149773.0,132270.0,216917.0,222976.0
   Governo geral,-58207.03499999985,-85818.381,-91447.80100000005,-81620.54500000009,-57995.39900000014,-60378.64899999996,-108481.4959999997,-126930.31199999995,-85218.34500000003,-149201.41100000023,-115021.0,-111114.0,-111602.0,-176420.0,-339637.0,-464663.0,-448385.0,-465169.0,-429242.0,-369570.0,-917954.0,-198567.0
   Famílias,24811.85400000006,33949.789999999935,40041.86399999943,44364.71099999993,46039.736000000266,45761.68200000015,47455.63,46511.281999999905,48158.85599999977,46577.234999999804,33356.0,34618.0,34513.0,35212.0,35275.0,122964.0,168730.0,202141.0,162537.0,184572.0,557945.0,81780.0
   Instituições sem fins de lucro a serviço das famílias,133.1240000000057,131.8399999999449,115.96700000002033,214.03000000001418,669.1569999999612,482.00799999997434,425.72899999990295,262.9780000000478,213.25599999999122,99.66300000000456,18.0,35.0,31.0,74.0,249.0,224.0,355.0,665.0,203.0,1194.0,4327.0,2142.0
"Fonte: IBGE, Diretoria de Pesquisas, Coordenação de Contas Nacionais.",,,,,,,,,,,,,,,,,,,,,,
"(1) O  Produto Interno  Bruto - PIB corresponde ao somatório do valor adicionado  pelos setores  institucionais acrescido dos  impostos, líquidos de subsídios, sobre produto.",,,,,,,,,,,,,,,,,,,,,,
"(2) Para o total da economia, o saldo das rendas primárias brutas corresponde à renda nacional bruta.",,,,,,,,,,,,,,,,,,,,,,
,,,,,,,,,,,,,,,,,,,,0.10588399952763551,0.11084193561953522,0.09362811822276938
