ocupacao,percentual_corrigido_2023,percentual_corrigido_2024,valor_corrigido_2023,valor_corrigido_2024,ano,valor
0,-,-,-,-,2023,14055528373.71
10,0.00016112086552725125,0.00015165268955906223,12149248.658796854,12490635.555462537,2023,9338433.63
20,0.00022012434365941184,0.00021259804854610972,16598380.217367442,17510304.313843317,2023,12758226.98
30,0.00010187381218542118,0.0001148152167645002,7681750.417675814,9456574.974018369,2023,5904522.86
40,0.0003833154488808221,0.0003061881425001601,28903734.398222804,25218705.388565216,2023,22216650.01
50,0.0002948227567902555,0.0003581394311792357,22230981.510653447,29497591.674154233,2023,17087685.93
101,0.00022347000541728896,0.00021036441940950929,16850658.38439232,17326334.95865115,2023,12952138.8
102,0.0006532918479255985,0.0007373546448418744,49261187.12955007,60731057.06615548,2023,37864261.36
103,0.00012761309470790016,0.00010428532296003129,9622609.800731514,8589296.81144994,2023,7396350.63
104,0.00041312178567025977,0.0004934091456900014,31151268.23611343,40638869.22457584,2023,23944200.92
105,0.00030227545940401316,0.00028674542633956785,22792949.30382728,23617336.61313259,2023,17519638.48
106,1.9883336388072256e-05,1.3988047191730252e-05,1499294.3164418137,1152103.5341510905,2023,1152421.92
107,0.00010144759395758496,0.00016688987230886173,7649611.617924777,13745622.177678717,2023,5879819.6
108,7.149251352397771e-05,0.00013547268246873648,5390861.830358617,11157994.687452413,2023,4143647.63
109,0.0023453979287245508,0.0023865909398474716,176853708.8393569,196567813.84014854,2023,135937346.3
110,0.00038524092065977364,0.00036850759335425626,29048923.758715786,30351549.06511548,2023,22328248.78
111,0.0002505815905972007,0.00025150915222561636,18894995.651369005,20715156.24581152,2023,14523504.11
112,2.770991884469349e-05,1.7627611954009435e-05,2089454.3562535779,1451870.5686712929,2023,1606044.24
113,0.00027681398773633505,0.0003517800936923123,20873038.127225433,28973814.831459887,2023,16043912.4
114,3.741141077279808e-05,5.2883957440815285e-05,2820991.1277955472,4355704.083088863,2023,2168334.78
115,3.5760717197171216e-05,3.437009341579865e-05,2696521.2979932907,2830838.7547373357,2023,2072661.93
116,0.0007023237982292528,0.0007355437579043929,52958419.97717347,60581906.20813907,2023,40706113.11
117,0.3219776208123987,0.34087410425897896,24278582199.870415,28075560143.201035,2023,18661559646.31
118,0.00013684021469230354,0.00015451954537610806,10318376.762559991,12726759.631500315,2023,7931146.96
120,0.10551443124304931,0.10569984598935973,7956269711.364674,8705801778.79026,2023,6115530163.93
121,0.00034920509640715776,0.0003925260425355056,26331658.13308095,32329790.903111663,2023,20239641.87
130,0.009873560586612453,0.009356579410105198,744511533.7601136,770639965.5500537,2023,572263498.76
131,0.00024011571297243394,0.000160400307836056,18105820.70944118,13211119.39385618,2023,13916910.4
140,0.00045162587610832525,0.00038255160149100806,34054652.39794776,31508261.73459834,2023,26175866.52
211,0.00012751253117748346,0.00010892205050677285,9615026.85153967,8971193.592342619,2023,7390522.05
212,0.001904495321553083,0.0017163009566950353,143607639.8630703,141360432.28709316,2023,110382991.68
213,0.00018067530993966263,0.00016250906133004022,13623743.019124286,13384803.562902233,2023,10471793.24
214,0.011103968863507542,0.010499474984087128,837289933.7452594,864772764.2103752,2023,643576956.48
215,8.80927404513456e-05,8.981658032315915e-05,6642594.708487529,7397601.5520489,2023,5105783.21
221,0.0009600314191300928,0.001073952787885092,72390750.83851497,88454434.38061368,2023,55642636.11
222,0.0005804711871289778,0.0005662074796293657,43770176.93282041,46634789.64593656,2023,33643635.4
224,0.0034630024414575283,0.0035648239674463587,261126190.14060655,293611126.3586209,2023,200712790.08
225,0.06427127239517513,0.060120316267089066,4846347289.601543,4951715410.750405,2023,3725110398.42
226,0.1703623125370875,0.1627797992391229,12846095943.735287,13407102465.501535,2023,9874060342.68
227,0.0044648666473958605,0.004713201339602276,336671324.04031336,388195424.7145888,2023,258780020.31
228,0.0038474232328806614,0.003538906880085213,290113272.4115939,291476506.1693688,2023,222993504.84
229,0.03430965974467893,0,2587104943.067198,0,2023,1988559826.47
230,0,0.005313769650250914,0,437660290.2325225,2023,
231,0,0.021654947104383628,0,1783575702.0869236,2023,
232,0,0.0016694835320780154,0,137504388.65056545,2023,
241,0.03353385113929314,0.034824631723926934,2528605433.226418,2868276088.485484,2023,1943594594.02
250,3.569151711815974e-05,2.205866447453322e-05,2691303.2961884495,1816827.2491093352,2023,2068651.15
251,1.2016021990399784e-05,9.126131583685348e-06,906062.9023634853,751659.4923205446,2023,696438.81
252,0.007888002320289795,0.007511082336040407,594791377.8687992,618638498.0004905,2023,457182165.08
253,0.0010721203164100275,0.0011863257052339901,80842765.29665439,97709853.19969474,2023,62139216.95
254,0.0011888441308675,0.0011926118577674889,89644273.66496222,98227602.27866113,2023,68904433.8
255,0.04402736462406139,0.04738964587319707,3319864245.1356955,3903173741.432418,2023,2551790055.87
256,1.4573724737707565e-05,1.6731138505770414e-05,1098925.3635390948,1378033.9413113708,2023,844681.17
257,1.3568615838481921e-05,1.0561043041528869e-05,1023135.5649558903,869843.7205488257,2023,786425.88
258,0.00013364541651878428,0.00014876270574667468,10077474.398376808,12252606.57841851,2023,7745979.07
259,1.1691597296528884e-05,1.2196582025625412e-05,881599.7996859183,1004552.3198258939,2023,677635.42
261,0.000384022916072691,0.0003811504648812616,28957080.653556205,31392859.318679143,2023,22257654.23
263,0.0015487701028030114,0.0014572912532118713,116784334.745779,120027504.91901872,2023,89765448.85
264,0.00029996167348610083,0.0003216316639547262,22618479.2848887,26490686.77407718,2023,17385533.34
265,2.5491907052161202e-05,3.061384997875775e-05,1922206.1435069751,2521461.6644523437,2023,1477490.09
266,7.976948449418665e-05,8.024526436726956e-05,6014983.219786626,6609275.14821918,2023,4623374.1
271,3.826066119318804e-05,3.118272609607146e-05,2885028.4856954175,2568316.252249184,2023,2217556.64
272,0.00010756547304855037,8.911827724048274e-05,8110927.624994149,7340086.915557273,2023,6234406.87
273,0.00025866217577428786,0.0002175560034699636,19504308.65563918,17918658.483059365,2023,14991848.22
274,0.0005295848605972569,0.0005135412981182623,39933115.65373956,42297022.33521021,2023,30694305.52
275,0.0006804260227961561,0.000709431276840441,51307227.76230675,58431192.723484956,2023,39436935.95
276,0.00013111105588819538,0.00010893366266700762,9886372.039341368,8972150.009679666,2023,7599089.6
277,0.00029605663340938305,0.00027969823601823424,22324021.43947335,23036905.852229536,2023,17159200.41
279,0.0004189660308114472,0.0003692315662135615,31591950.994432166,30411177.952436384,2023,24282928.59
290,0.0006877712685800472,0.0006791083390286632,51861092.82004738,55933691.58269337,2023,39862660.39
291,0.0010261953978589167,0.0009975873641147077,77379816.82448356,82164716.20860037,2023,59477446.22
292,0.0007556570398860869,0.0006900227126036514,56979989.82505259,56832636.81760959,2023,43797264.19
293,0.000298444483001486,0.000283195312665596,22504076.197492,23324937.07698868,2023,17297598.22
294,0.002194928943963547,0.002084387079057155,165507660.60832283,171677267.55599913,2023,127216286.97
295,0.0021851626296924445,0.0021093309964991284,164771235.93625253,173731734.13353977,2023,126650239.38
296,0.0008469823364625,0.0008454411107693738,63866334.01960727,69633429.04718468,2023,49090403.71
311,3.988363698650525e-05,4.648596526533005e-05,3007408.2682002718,3828743.507690933,2023,2311622.99
312,0.0005897882324675037,0.0005861989991108933,44472724.67679271,48281359.7448232,2023,34183643.73
313,0.0003055964839958467,0.00030437442702037885,23043369.71608196,25069321.562105443,2023,17712122.35
314,8.494658116271628e-05,0.0001071851681562338,6405359.938225722,8828138.005881362,2023,4923434.39
316,2.1339448888927528e-05,1.5019034489462287e-05,1609091.8450870477,1237019.1834265802,2023,1236817.01
317,0.0006226704414947039,0.0006201549020692561,46952193.32050119,51078084.3531552,2023,36089469.68
318,9.862999227136961e-05,9.269510998648218e-05,7437151.590508368,7634687.12609771,2023,5716513.71
319,0.00040783788746061057,0.0004179838153083261,30752838.19400357,34426580.3677999,2023,23637950.5
320,1.0496047477553758e-05,4.020984905093586e-06,791449.8865311154,331182.1054382273,2023,608342.33
321,0.00010532753119571346,8.525525526398325e-05,7942176.594734537,7021915.178600337,2023,6104697.59
322,0.0012116545768702917,0.0011466775675456238,91364285.40645266,94444296.61933938,2023,70226508.6
323,3.739774339573204e-05,3.698269739722354e-05,2819960.5451832614,3046021.7777197245,2023,2167542.63
324,0.00037803995675938904,0.00034512980307255,28505938.213532034,28426074.091016166,2023,21910886.8
325,1.9208044943401427e-05,1.6800487061863553e-05,1448374.2593057228,1383745.72619943,2023,1113282.58
328,3.379173272710632e-06,4.305073646763972e-06,254805.08819869807,354580.6283917736,2023,195854.12
341,3.1565545698475814e-05,2.5678621141953732e-05,2380186.2191246427,2114979.293697419,2023,1829513.22
342,0.0003171448368631176,0.0003546617230001831,23914168.231996544,29211155.70286287,2023,18381455.44
351,0.0017941001614166384,0.0016716941686122286,135283340.9162122,137686464.2561794,2023,103984578.46
352,0.00010580066312882359,0.00011373568856180507,7977852.901989725,9367661.329354938,2023,6132119.93
353,0.0001353442598419662,0.00012210865460385585,10205574.938912839,10057287.524931172,2023,7844442.64
354,0.01568983887296357,0.016477718623477057,1183085463.5761056,1357161410.7849555,2023,909370232.72
355,0.0010076322848911977,0.001130832854148118,75980073.37978359,93139271.68965013,2023,58401543.37
371,5.790869802318424e-05,4.3135625319516165e-05,4366580.141489175,3552798.0208568773,2023,3356340.79
372,0.0003838089787897403,0.0004141455732477509,28940948.80595565,34110449.58969312,2023,22245254.6
373,2.1010876621020264e-05,2.5721866379258256e-05,1584315.9963965192,2118541.1197372396,2023,1217773.23
374,0.00010299010985121649,8.30566642739951e-05,7765924.35675317,6840831.685315042,2023,5969222.56
375,0.00010228166697270611,8.045312197220421e-05,7712504.530193707,6626395.01334138,2023,5928161.79
376,0.00019268297967283348,0.00011705843918788497,14529176.12317081,9641334.465207139,2023,11167747.96
377,0.0002550858877471715,0.0002749864242206383,19234640.215274666,22648824.874959566,2023,14784569.49
391,0.004290769316895475,0.004132265078400621,323543590.69454026,340347522.1108116,2023,248689481.38
410,0.00690290125593036,0.007079846283476692,520510261.3555318,583120417.9281164,2023,400086512.83
420,0.0029143648203710446,0.0027592360509494517,219756409.38416517,227260143.05523264,2023,168914202.14
511,0.00042213717406190253,0.0004192363643189129,31831069.66944903,34529744.599519655,2023,24466725.46
512,0.0015782708000151953,0.0015671223941769322,119008821.9645252,129073574.31893483,2023,91475285.14
513,0.0013842461099039226,0.0013418073648087721,104378474.75037646,110515855.8558543,2023,80229772.74
514,0.000780093234495638,0.0008313684455116766,58822590.431837276,68474356.07895051,2023,45213566.05
515,0.0026240232018464394,0.0025794650450910103,197863326.15183637,212453586.54676926,2023,152086239.32
516,0.00777392510062035,0.0071497974957548316,586189434.8272638,588881839.6461848,2023,450570342.7
517,0.0004578751895930734,0.00048004840743104535,34525879.15820952,39538433.00527917,2023,26538071.62
518,0.016963801999606794,0.015893223351734247,1279148098.02806,1309020375.8685443,2023,983208093.92
519,0.024554790078085524,0.024966118346079296,1851543246.4131222,2056295120.1335223,2023,1423175556.39
529,0.04375095472121789,0.04005071621412222,3299021676.85374,3298714328.2482014,2023,2535769563.9
610,0.006265364656656201,0.006339634213190136,472437091.8854024,522154013.5037296,2023,363135412.8
620,0.0016298351928754518,0.0021899776744045826,122897012.53965086,180374071.07728046,2023,94463915.19
630,0.0002168033735887063,0.00022674292728114804,16347963.916254664,18675325.03170383,2023,12565746.27
640,0.0003702428350358206,0.0003840705038733872,27917999.647458997,31633363.743390825,2023,21458972.0
710,0.00182797706149424,0.0015986922036690218,137837813.80515274,131673772.08705617,2023,105948055.89
720,0.00037816764075520063,0.00038197872448024966,28515566.1695996,31461077.619497634,2023,21918287.26
730,0.00011582911532832056,0.0001255652175984077,8734043.970327426,10341981.906316547,2023,6713360.82
740,1.8017505374538286e-05,9.417560489897727e-06,1358602.1418774638,775662.5763964668,2023,1044279.88
750,0.00011319067697005333,0.00010025925765575034,8535093.675586894,8257696.26691307,2023,6560439.09
760,0.0009504266012710504,0.0011134226753708614,71666503.73302618,91705309.6630323,2023,55085948.72
770,0.00044621341069509826,0.0004110618179173039,33646527.80187357,33856460.92594557,2023,25862164.45
780,0.00044491480887029873,0.0003544216042277312,33548607.29712313,29191378.69735481,2023,25786898.55
810,0.0001941316215714091,0.0001912607341668928,14638410.334306361,15752889.932218835,2023,11251710.06
820,0.00010386211369817135,0.00010550438514888842,7831677.426868661,8689702.953699917,2023,6019763.19
830,2.862557444614512e-05,3.449942405603355e-05,2158498.967896224,2841490.869764282,2023,1659114.89
840,0.0003404142374078573,0.0003529196609201114,25668787.240739208,29067673.496115115,2023,19730130.87
860,6.934464816611185e-05,8.388701376446706e-05,5228902.978952655,6909222.116762746,2023,4019159.11
870,8.00689887191907e-05,9.128120151890312e-05,6037567.205368052,7518232.776170506,2023,4640733.12
900,0.005807587761410395,0.005204787474833086,437918624.5696181,428684144.5463266,2023,336603038.24
,-,-,-,-,2023,3389853511.49
Total Não Determinadas,-,-,-,-,2023,17445381885.199997
Total Determinadas,-,-,-,-,2023,57959182378.02999
Total Geral,-,-,75404564263.23,82363429173.45999,2023,75404564263.23
Percentual Não Determinadas,,,,,2023,0.23135710756579492
0,-,-,-,-,2024,15468314230.29
10,0.00016112086552725125,0.00015165268955906223,12149248.658796854,12490635.555462537,2024,9587995.37
20,0.00022012434365941184,0.00021259804854610972,16598380.217367442,17510304.313843317,2024,13441166.86
30,0.00010187381218542118,0.0001148152167645002,7681750.417675814,9456574.974018369,2024,7259005.89
40,0.0003833154488808221,0.0003061881425001601,28903734.398222804,25218705.388565216,2024,19358248.78
50,0.0002948227567902555,0.0003581394311792357,22230981.510653447,29497591.674154233,2024,22642784.76
101,0.00022347000541728896,0.00021036441940950929,16850658.38439232,17326334.95865115,2024,13299949.28
102,0.0006532918479255985,0.0007373546448418744,49261187.12955007,60731057.06615548,2024,46618051.69
103,0.00012761309470790016,0.00010428532296003129,9622609.800731514,8589296.81144994,2024,6593270.43
104,0.00041312178567025977,0.0004934091456900014,31151268.23611343,40638869.22457584,2024,31194993.1
105,0.00030227545940401316,0.00028674542633956785,22792949.30382728,23617336.61313259,2024,18129014.58
106,1.9883336388072256e-05,1.3988047191730252e-05,1499294.3164418137,1152103.5341510905,2024,884371.6
107,0.00010144759395758496,0.00016688987230886173,7649611.617924777,13745622.177678717,2024,10551341.54
108,7.149251352397771e-05,0.00013547268246873648,5390861.830358617,11157994.687452413,2024,8565040.66
109,0.0023453979287245508,0.0023865909398474716,176853708.8393569,196567813.84014854,2024,150888341.96
110,0.00038524092065977364,0.00036850759335425626,29048923.758715786,30351549.06511548,2024,23298295.0
111,0.0002505815905972007,0.00025150915222561636,18894995.651369005,20715156.24581152,2024,15901258.29
112,2.770991884469349e-05,1.7627611954009435e-05,2089454.3562535779,1451870.5686712929,2024,1114477.18
113,0.00027681398773633505,0.0003517800936923123,20873038.127225433,28973814.831459887,2024,22240725.96
114,3.741141077279808e-05,5.2883957440815285e-05,2820991.1277955472,4355704.083088863,2024,3343502.45
115,3.5760717197171216e-05,3.437009341579865e-05,2696521.2979932907,2830838.7547373357,2024,2172993.42
116,0.0007023237982292528,0.0007355437579043929,52958419.97717347,60581906.20813907,2024,46503561.3
117,0.3219776208123987,0.34087410425897896,24278582199.870415,28075560143.201035,2024,21551212463.76
118,0.00013684021469230354,0.00015451954537610806,10318376.762559991,12726759.631500315,2024,9769247.68
120,0.10551443124304931,0.10569984598935973,7956269711.364674,8705801778.79026,2024,6682701354.67
121,0.00034920509640715776,0.0003925260425355056,26331658.13308095,32329790.903111663,2024,24816822.5
130,0.009873560586612453,0.009356579410105198,744511533.7601136,770639965.5500537,2024,591554560.12
131,0.00024011571297243394,0.000160400307836056,18105820.70944118,13211119.39385618,2024,10141049.35
140,0.00045162587610832525,0.00038255160149100806,34054652.39794776,31508261.73459834,2024,24186204.64
211,0.00012751253117748346,0.00010892205050677285,9615026.85153967,8971193.592342619,2024,6886420.01
212,0.001904495321553083,0.0017163009566950353,143607639.8630703,141360432.28709316,2024,108510344.75
213,0.00018067530993966263,0.00016250906133004022,13623743.019124286,13384803.562902233,2024,10274371.87
214,0.011103968863507542,0.010499474984087128,837289933.7452594,864772764.2103752,2024,663812279.41
215,8.80927404513456e-05,8.981658032315915e-05,6642594.708487529,7397601.5520489,2024,5678507.64
221,0.0009600314191300928,0.001073952787885092,72390750.83851497,88454434.38061368,2024,67898923.44
222,0.0005804711871289778,0.0005662074796293657,43770176.93282041,46634789.64593656,2024,35797549.71
224,0.0034630024414575283,0.0035648239674463587,261126190.14060655,293611126.3586209,2024,225380214.45
225,0.06427127239517513,0.060120316267089066,4846347289.601543,4951715410.750405,2024,3801009501.96
226,0.1703623125370875,0.1627797992391229,12846095943.735287,13407102465.501535,2024,10291488835.26
227,0.0044648666473958605,0.004713201339602276,336671324.04031336,388195424.7145888,2024,297984511.54
228,0.0038474232328806614,0.003538906880085213,290113272.4115939,291476506.1693688,2024,223741648.63
229,0.03430965974467893,0,2587104943.067198,0,2024,
230,0,0.005313769650250914,0,437660290.2325225,2024,335954469.07
231,0,0.021654947104383628,0,1783575702.0869236,2024,1369098913.96
232,0,0.0016694835320780154,0,137504388.65056545,2024,105550389.0
241,0.03353385113929314,0.034824631723926934,2528605433.226418,2868276088.485484,2024,2201730867.43
250,3.569151711815974e-05,2.205866447453322e-05,2691303.2961884495,1816827.2491093352,2024,1394623.29
251,1.2016021990399784e-05,9.126131583685348e-06,906062.9023634853,751659.4923205446,2024,576984.87
252,0.007888002320289795,0.007511082336040407,594791377.8687992,618638498.0004905,2024,474876000.36
253,0.0010721203164100275,0.0011863257052339901,80842765.29665439,97709853.19969474,2024,75003518.91
254,0.0011888441308675,0.0011926118577674889,89644273.66496222,98227602.27866113,2024,75400950.71
255,0.04402736462406139,0.04738964587319707,3319864245.1356955,3903173741.432418,2024,2996133510.98
256,1.4573724737707565e-05,1.6731138505770414e-05,1098925.3635390948,1378033.9413113708,2024,1057799.1
257,1.3568615838481921e-05,1.0561043041528869e-05,1023135.5649558903,869843.7205488257,2024,667704.82
258,0.00013364541651878428,0.00014876270574667468,10077474.398376808,12252606.57841851,2024,9405280.83
259,1.1691597296528884e-05,1.2196582025625412e-05,881599.7996859183,1004552.3198258939,2024,771109.12
261,0.000384022916072691,0.0003811504648812616,28957080.653556205,31392859.318679143,2024,24097620.05
263,0.0015487701028030114,0.0014572912532118713,116784334.745779,120027504.91901872,2024,92134876.27
264,0.00029996167348610083,0.0003216316639547262,22618479.2848887,26490686.77407718,2024,20334640.38
265,2.5491907052161202e-05,3.061384997875775e-05,1922206.1435069751,2521461.6644523437,2024,1935511.02
266,7.976948449418665e-05,8.024526436726956e-05,6014983.219786626,6609275.14821918,2024,5073376.71
271,3.826066119318804e-05,3.118272609607146e-05,2885028.4856954175,2568316.252249184,2024,1971477.29
272,0.00010756547304855037,8.911827724048274e-05,8110927.624994149,7340086.915557273,2024,5634358.56
273,0.00025866217577428786,0.0002175560034699636,19504308.65563918,17918658.483059365,2024,13754625.52
274,0.0005295848605972569,0.0005135412981182623,39933115.65373956,42297022.33521021,2024,32467815.79
275,0.0006804260227961561,0.000709431276840441,51307227.76230675,58431192.723484956,2024,44852642.03
276,0.00013111105588819538,0.00010893366266700762,9886372.039341368,8972150.009679666,2024,6887154.17
277,0.00029605663340938305,0.00027969823601823424,22324021.43947335,23036905.852229536,2024,17683467.4
279,0.0004189660308114472,0.0003692315662135615,31591950.994432166,30411177.952436384,2024,23344067.01
290,0.0006877712685800472,0.0006791083390286632,51861092.82004738,55933691.58269337,2024,42935523.46
291,0.0010261953978589167,0.0009975873641147077,77379816.82448356,82164716.20860037,2024,63070843.36
292,0.0007556570398860869,0.0006900227126036514,56979989.82505259,56832636.81760959,2024,43625567.03
293,0.000298444483001486,0.000283195312665596,22504076.197492,23324937.07698868,2024,17904564.4
294,0.002194928943963547,0.002084387079057155,165507660.60832283,171677267.55599913,2024,131781992.93
295,0.0021851626296924445,0.0021093309964991284,164771235.93625253,173731734.13353977,2024,133359031.66
296,0.0008469823364625,0.0008454411107693738,63866334.01960727,69633429.04718468,2024,53451643.22
311,3.988363698650525e-05,4.648596526533005e-05,3007408.2682002718,3828743.507690933,2024,2938999.77
312,0.0005897882324675037,0.0005861989991108933,44472724.67679271,48281359.7448232,2024,37061481.11
313,0.0003055964839958467,0.00030437442702037885,23043369.71608196,25069321.562105443,2024,19243579.56
314,8.494658116271628e-05,0.0001071851681562338,6405359.938225722,8828138.005881362,2024,6776608.44
316,2.1339448888927528e-05,1.5019034489462287e-05,1609091.8450870477,1237019.1834265802,2024,949554.1
317,0.0006226704414947039,0.0006201549020692561,46952193.32050119,51078084.3531552,2024,39208288.01
318,9.862999227136961e-05,9.269510998648218e-05,7437151.590508368,7634687.12609771,2024,5860498.01
319,0.00040783788746061057,0.0004179838153083261,30752838.19400357,34426580.3677999,2024,26426348.9
320,1.0496047477553758e-05,4.020984905093586e-06,791449.8865311154,331182.1054382273,2024,254220.25
321,0.00010532753119571346,8.525525526398325e-05,7942176.594734537,7021915.178600337,2024,5390125.26
322,0.0012116545768702917,0.0011466775675456238,91364285.40645266,94444296.61933938,2024,72496829.7
323,3.739774339573204e-05,3.698269739722354e-05,2819960.5451832614,3046021.7777197245,2024,2338171.07
324,0.00037803995675938904,0.00034512980307255,28505938.213532034,28426074.091016166,2024,21820272.12
325,1.9208044943401427e-05,1.6800487061863553e-05,1448374.2593057228,1383745.72619943,2024,1062183.55
328,3.379173272710632e-06,4.305073646763972e-06,254805.08819869807,354580.6283917736,2024,272181.3
341,3.1565545698475814e-05,2.5678621141953732e-05,2380186.2191246427,2114979.293697419,2024,1623489.18
342,0.0003171448368631176,0.0003546617230001831,23914168.231996544,29211155.70286287,2024,22422912.3
351,0.0017941001614166384,0.0016716941686122286,135283340.9162122,137686464.2561794,2024,105690152.91
352,0.00010580066312882359,0.00011373568856180507,7977852.901989725,9367661.329354938,2024,7190754.47
353,0.0001353442598419662,0.00012210865460385585,10205574.938912839,10057287.524931172,2024,7720121.67
354,0.01568983887296357,0.016477718623477057,1183085463.5761056,1357161410.7849555,2024,1041777038.9
355,0.0010076322848911977,0.001130832854148118,75980073.37978359,93139271.68965013,2024,71495073.39
371,5.790869802318424e-05,4.3135625319516165e-05,4366580.141489175,3552798.0208568773,2024,2727179.96
372,0.0003838089787897403,0.0004141455732477509,28940948.80595565,34110449.58969312,2024,26183682.27
373,2.1010876621020264e-05,2.5721866379258256e-05,1584315.9963965192,2118541.1197372396,2024,1626223.29
374,0.00010299010985121649,8.30566642739951e-05,7765924.35675317,6840831.685315042,2024,5251122.91
375,0.00010228166697270611,8.045312197220421e-05,7712504.530193707,6626395.01334138,2024,5086518.17
376,0.00019268297967283348,0.00011705843918788497,14529176.12317081,9641334.465207139,2024,7400829.99
377,0.0002550858877471715,0.0002749864242206383,19234640.215274666,22648824.874959566,2024,17385570.74
391,0.004290769316895475,0.004132265078400621,323543590.69454026,340347522.1108116,2024,261255758.5
410,0.00690290125593036,0.007079846283476692,520510261.3555318,583120417.9281164,2024,447611800.25
420,0.0029143648203710446,0.0027592360509494517,219756409.38416517,227260143.05523264,2024,174448224.81
511,0.00042213717406190253,0.0004192363643189129,31831069.66944903,34529744.599519655,2024,26505539.28
512,0.0015782708000151953,0.0015671223941769322,119008821.9645252,129073574.31893483,2024,99078772.05
513,0.0013842461099039226,0.0013418073648087721,104378474.75037646,110515855.8558543,2024,84833594.7
514,0.000780093234495638,0.0008313684455116766,58822590.431837276,68474356.07895051,2024,52561921.78
515,0.0026240232018464394,0.0025794650450910103,197863326.15183637,212453586.54676926,2024,163082494.49
516,0.00777392510062035,0.0071497974957548316,586189434.8272638,588881839.6461848,2024,452034352.21
517,0.0004578751895930734,0.00048004840743104535,34525879.15820952,39538433.00527917,2024,30350282.09
518,0.016963801999606794,0.015893223351734247,1279148098.02806,1309020375.8685443,2024,1004823273.19
519,0.024554790078085524,0.024966118346079296,1851543246.4131222,2056295120.1335223,2024,1578442346.16
529,0.04375095472121789,0.04005071621412222,3299021676.85374,3298714328.2482014,2024,2532141584.45
610,0.006265364656656201,0.006339634213190136,472437091.8854024,522154013.5037296,2024,400813092.47
620,0.0016298351928754518,0.0021899776744045826,122897012.53965086,180374071.07728046,2024,138457787.09
630,0.0002168033735887063,0.00022674292728114804,16347963.916254664,18675325.03170383,2024,14335453.88
640,0.0003702428350358206,0.0003840705038733872,27917999.647458997,31633363.743390825,2024,24282234.78
710,0.00182797706149424,0.0015986922036690218,137837813.80515274,131673772.08705617,2024,101074722.06
720,0.00037816764075520063,0.00038197872448024966,28515566.1695996,31461077.619497634,2024,24149985.42
730,0.00011582911532832056,0.0001255652175984077,8734043.970327426,10341981.906316547,2024,7938657.26
740,1.8017505374538286e-05,9.417560489897727e-06,1358602.1418774638,775662.5763964668,2024,595409.99
750,0.00011319067697005333,0.00010025925765575034,8535093.675586894,8257696.26691307,2024,6338728.98
760,0.0009504266012710504,0.0011134226753708614,71666503.73302618,91705309.6630323,2024,70394343.07
770,0.00044621341069509826,0.0004110618179173039,33646527.80187357,33856460.92594557,2024,25988716.84
780,0.00044491480887029873,0.0003544216042277312,33548607.29712313,29191378.69735481,2024,22407731.18
810,0.0001941316215714091,0.0001912607341668928,14638410.334306361,15752889.932218835,2024,12092149.76
820,0.00010386211369817135,0.00010550438514888842,7831677.426868661,8689702.953699917,2024,6670343.66
830,2.862557444614512e-05,3.449942405603355e-05,2158498.967896224,2841490.869764282,2024,2181170.14
840,0.0003404142374078573,0.0003529196609201114,25668787.240739208,29067673.496115115,2024,22312773.25
860,6.934464816611185e-05,8.388701376446706e-05,5228902.978952655,6909222.116762746,2024,5303620.41
870,8.00689887191907e-05,9.128120151890312e-05,6037567.205368052,7518232.776170506,2024,5771105.94
900,0.005807587761410395,0.005204787474833086,437918624.5696181,428684144.5463266,2024,329064247.76
,-,-,-,-,2024,3671736591.77
Total Não Determinadas,-,-,-,-,2024,19140050822.06
Total Determinadas,-,-,-,-,2024,63223378351.4
Total Geral,-,-,75404564263.23,82363429173.45999,2024,82363429173.46
Percentual Não Determinadas,,,,,2024,0.23238530758293763
