exportacao_de_bens_e_servicos_1,consumo_do_governo,consumo_das_isflsf,consumo_das_familias,formacao_bruta_de_capital_fixo,variacao_de_estoque,demanda_final,demanda_total,consumo_intermediario_total,consumo_intermediario_adm_publica,demanda_total_export,compras_adm_publica_2021,compras_adm_publica_2020,compras_adm_publica_2019,compras_adm_publica_media_2021_2019,consumo_final_proxy_debitos_cbs_2021,consumo_final_proxy_debitos_cbs_2020,consumo_final_proxy_debitos_cbs_2019,consumo_final_proxy_debitos_cbs_media_2021_2019
1979,70,0,1409,0,12245,15703,50589,34886,216,48610,0.004443530137831722,0.006027638929726551,0.008639842014317452,0.0063703370272919085,0.040670974838443556,0.03976457077232271,0.036072802326672294,0.038836115979146185
22656,53,0,9779,0,30117,62605,125926,63321,288,103270,0.0027888060424130917,0.004918032786885246,0.008924377642085486,0.005543738823794608,0.13440323705111204,0.1520760380190095,0.16407415299382058,0.15018447602131405
18609,0,0,11,0,-830,17790,34790,17000,0,16181,0,0,0,0,0.0006466404091470226,0.0010102143899427545,0.0011100319134175107,0.0009222955708357627
3,0,0,2318,0,0,2321,82968,80647,0,82965,0,0,0,0,0.027939492557102392,0.027063940972995443,0.027154990075168396,0.02738614120175541
213948,0,0,309,0,9032,223289,345837,122548,0,131889,0,0,0,0,0.002515119203626981,0.0018100550404491892,0.0019114523770625714,0.0020788755403795805
3981,53,0,100772,0,-883,103923,142742,38819,2189,138761,0.015775325920107233,0.015167372437889449,0.016240244986664033,0.015727647781553573,0.7220145512875598,0.7372786677061817,0.7118582040097722,0.7237171410011712
5,0,0,4157,356,0,4518,20560,16042,38,20555,0.00184869861347604,0.0017547831993660137,0.001592942041416493,0.0017321412847528487,0.219557285332036,0.23519755462470282,0.21749785565494426,0.22408423187056103
31487,0,0,936,189,-1687,30925,40217,9292,6,8730,0.0006872852233676976,0.00048123195380173246,0.0006653359946773121,0.0006112843906155807,0.10799654411058845,0.12382009994447529,0.08116835461617496,0.10432833289041289
4124,8,0,48240,255,0,52627,59464,6837,514,55340,0.009288037585833032,0.009310036985078434,0.008813731840473767,0.009137268803795078,0.8764546440187929,0.8736130595587297,0.8684648838715647,0.8728441958163624
1972,0,0,1358,27970,-1012,30288,141489,111201,311,139517,0.0022291190320892795,0.0024564994882292734,0.0027008446277745042,0.002462154382697686,0.20869713724569305,0.2061807984735914,0.21354352851457306,0.20947382141128582
0,0,0,19981,0,0,19981,60234,40253,0,60234,0,0,0,0,0.3317229471726932,0.3450114543012876,0.3680245887184138,0.3482529967307982
23,0,0,449,82,0,554,18220,17666,0,18197,0,0,0,0,0.029180634170467658,0.029356179916845155,0.03375162267416703,0.030762812253826616
1737,3,0,18764,228,8,20740,61667,40927,240,59930,0.004004672117470382,0.004501537110232762,0.004385305467849447,0.004297171565184197,0.31699542738893893,0.3576369825409026,0.3559483276587222,0.3435269125295212
5591,0,0,13410,1990,-1156,19835,47264,27429,23,41673,0.0005519161087514698,0.0007402400952656818,0.0006805267276872299,0.0006575609772347938,0.3595694506058979,0.35090825828117844,0.37590329348296647,0.3621270007900143
1602,5,0,23478,0,0,25085,31583,6498,455,29981,0.015176278309596078,0.015133289356253153,0.01503430794108649,0.015114625202311908,0.7832627330642741,0.7943424779791238,0.7977798173156767,0.791795009453025
2,0,0,0,0,-399,-397,20227,20624,0,20225,0,0,0,0,0,0,0,0
3868,0,0,0,0,1585,5453,43397,37944,173,39529,0.004376533684130639,0.00484269370774831,0.005205320994794679,0.004808182795557877,0,0,0,0
165133,0,0,0,16433,-12672,168894,406473,237579,0,241340,0,0,0,0,0.06469379399398453,0.07166505583088281,0.04853506954720332,0.06163130645735689
239133,0,0,0,0,-7701,231432,309554,78122,0,70421,0,0,0,0,0,0,0,0
21903,0,0,0,0,-3347,18556,40273,21717,0,18370,0,0,0,0,0,0,0,0
58308,64,0,191200,0,2316,251888,311329,59441,5765,253021,0.022784670047150235,0.024348716131762576,0.024354982839384608,0.02382945633943247,0.7629046090026126,0.7822448049761296,0.7803633937104499,0.7751709358963974
13319,0,0,17042,0,-50,30311,44612,14301,132,31293,0.00421819576263062,0.005090909090909091,0.005792682926829268,0.005033929260122993,0.5437258718055068,0.5518774930081152,0.5752383250874864,0.5569472299670362
43656,0,0,63252,0,-35,106873,123803,16930,1276,80147,0.01592074562990505,0.016546128600948097,0.01633333333333333,0.016266735854728827,0.7888553540694919,0.80834312394147,0.7959613696224759,0.797719949211146
1721,0,0,12056,0,41,13818,15653,1835,283,13932,0.020312948607522252,0.021424126589030135,0.018837018837018837,0.020191364677857076,0.8679000791879634,0.8696801480306635,0.847350075967468,0.861643434395365
15,18,0,22370,0,25,22428,43208,20780,2392,43193,0.05537934387516496,0.04957120904178853,0.05014385532264694,0.051698136079866806,0.5186249073387694,0.5108921675413407,0.5359545959861916,0.5218238902887672
588,9,0,105020,0,-176,105441,122690,17249,880,122102,0.007207089154968796,0.0069612618668336386,0.006701731453528783,0.006956694158443739,0.8589361945730222,0.8608310658119264,0.8513779630112008,0.8570484077987164
49456,0,0,11834,0,981,62271,83821,21550,504,34365,0.014666084679179398,0.0190325138778747,0.015512022868673281,0.01640354047524246,0.3544811885933381,0.38151005236020624,0.42291384754172306,0.38630169616508914
15997,22,0,39656,0,-1679,53996,63043,9047,2024,47046,0.04302172341963185,0.046141162704111484,0.04063742864099997,0.043266771588247765,0.8143252950230888,0.7898523489932886,0.7881528558624623,0.7974434999596133
52165,0,0,43840,0,579,96584,194253,97669,632,142088,0.004447947750689713,0.005643317179600143,0.006572756565627762,0.00555467383197254,0.3098036167310913,0.3360967814588003,0.36302872520914997,0.33630970779968056
3076,5,0,25230,0,-727,27584,31989,4405,433,28913,0.014975962369868225,0.01670042763898267,0.01489960933951122,0.015525333116120704,0.8513832658569501,0.8467432950191571,0.8300070335853701,0.8427111981538258
1548,16,0,40671,0,1145,43380,47980,4600,1451,46432,0.03125,0.03236885928393006,0.03352320478102531,0.03238068802165179,0.8984255967496191,0.8937622362410268,0.8846682708834651,0.892285367958037
2001,15,0,44122,0,4120,50258,94958,44700,364,92957,0.003915789020730015,0.004279639210162789,0.004473861616718759,0.004223096615870521,0.4968312752569312,0.5053813822090539,0.5212936035446198,0.5078354203368683
2282,0,0,22500,0,2464,27246,92811,65565,212,90529,0.0023417910282892774,0.0025575069481402635,0.0031516499814608825,0.0026836493192968075,0.2554931016862545,0.27575579688875845,0.28781710547368045,0.2730220013495645
7496,45,0,228130,0,4578,240249,274261,34012,7144,266765,0.02678012482896932,0.026455508904850523,0.023050245692376674,0.02542862647539884,0.8702757955199915,0.8760474448247374,0.874122796859439,0.8734820124013893
4193,0,0,110046,0,1699,115938,189520,73582,568,185327,0.0030648529356219006,0.0029304781815325497,0.0026230169739463794,0.00287278269703361,0.5992876903304507,0.6116899555422536,0.5314852270981617,0.5808209576569553
7758,0,0,41410,0,-81,49087,51078,1991,0,43320,0,0,0,0,0.954125480979701,0.957290023659306,0.9618737342608084,0.9577630796332718
441,0,0,117,0,2178,2736,25836,23100,0,25395,0,0,0,0,0.005039410776586122,0.006010171058714748,0.006134969325153374,0.005728183720151415
1638,0,0,2240,0,4536,8414,49414,41000,4,47776,8.372404554588077e-05,0.00012687537666127447,6.080875646093037e-05,9.046939288936188e-05,0.05180388529139685,0.05222517702092211,0.04937067625636181,0.05113324618956026
1740,0,0,57378,0,2341,61459,83664,22205,242,81924,0.0029539573263024266,0.0035357608088828238,0.003423354887790034,0.003304357674325095,0.7209831245366473,0.7438983349625807,0.7467084217261003,0.7371966270751095
2435,40,0,163690,0,-1467,164698,180698,16000,3047,178263,0.01709272255038903,0.017131213354114796,0.01598347492584499,0.016735803610116274,0.9109775774773271,0.9110490161834905,0.9096587682618347,0.9105617873075508
13382,0,0,71520,0,-833,84069,96833,12764,38,83451,0.00045535703586535814,0.0005687618492051918,0.0005148402708059825,0.0005129863852921775,0.8485596317213231,0.8845325290822921,0.8745336446842205,0.8692086018292785
22992,0,0,4105,125,1940,29162,76026,46864,179,53034,0.0033751932722404497,0.004193458205199888,0.004259017818339852,0.00394255643192673,0.08278858574392296,0.08466103507271172,0.08731560061513927,0.08492174047725798
36323,0,0,0,0,-2451,33872,49440,15568,0,13117,0,0,0,0,0,0,0,0
10595,0,0,24191,0,-99,34687,158284,123597,3116,147689,0.021098389182674402,0.02453456355646323,0.025272326851476935,0.023635093196871525,0.16368717351882425,0.19582207815595173,0.20156291055597186,0.18702405407691594
224,0,0,830,0,17,1071,39300,38229,2625,39076,0.06717678370355205,0.06954695294495172,0.07806133997283839,0.07159502554044739,0.021249903991397628,0.019839171930215088,0.020150788211103495,0.02041328804423874
3091,0,0,945,0,383,4419,23582,19163,637,20491,0.03108681860328925,0.04364794902429311,0.023818753499590818,0.03285117370905772,0.04699622040978715,0.052955561177165024,0.0327876086668726,0.04424646341794159
0,0,0,209837,0,0,209837,237737,27900,3193,237737,0.013430807993707333,0.017238451621018207,0.014473980626267178,0.01504774674699757,0.8826434252977029,0.8789346246973365,0.8772752872268529,0.8796177790739641
621,0,0,0,0,1125,1746,36708,34962,0,36087,0,0,0,0,0,0,0,0
29521,0,0,0,0,882,30403,58615,28212,0,29094,0,0,0,0,0,0,0,0
0,0,0,9280,0,0,9280,249686,240406,878,249686,0.003516416619273808,0.004482350377259582,0.003966308659031151,0.0039883585518548465,0.037166681351777836,0.0433215335410568,0.043272873122688175,0.04125369600517428
7816,0,0,50709,0,-735,57790,414151,356361,1104,406335,0.0027169699878179334,0.003301092661671013,0.003048883540761072,0.003022315396750006,0.12457071265384331,0.14978213706889298,0.12900093054733103,0.13445126009002245
5755,0,0,70785,0,-1335,75205,178587,103382,1899,172832,0.01098754860211072,0.013629686508863887,0.012715388197724702,0.012444207769566437,0.40642027479373244,0.43478260869565216,0.51542391825004,0.4522089339131415
4865,0,0,37,0,82,4984,183468,178484,834,178603,0.004669574419242678,0.0068035804518876775,0.005841170764624014,0.0057714418785847895,0.000207258529808818,0.00031067251461988307,0.00033983263242852896,0.0002859212256190767
1178,0,0,0,0,116,1294,158309,157015,6,157131,3.8184699390954045e-05,5.4601843358231776e-05,6.379829530954933e-05,5.2194946019578384e-05,0,0,0,0
15428,0,0,0,0,3602,19030,165581,146551,344,150153,0.0022909965168861094,0.0032377240525343566,0.0027880367876022883,0.002772252452340918,0,0,0,0
14236,0,0,0,0,5848,20084,165110,145026,0,150874,0,0,0,0,0,0,0,0
1856,0,0,934,0,5144,7934,117999,110065,0,116143,0,0,0,0,0.008414490220632618,0.008635348589457295,0.010126937910249535,0.009058925573446482
10797,0,0,837,0,2452,14086,72392,58306,3393,61595,0.05508564006818735,0.06369163323545225,0.05791269800845515,0.05889665710403158,0.01415213972913109,0.016042780748663103,0.018105306907031715,0.01610007579494197
1450,0,0,536,0,965,2951,42113,39162,427,40663,0.01050094680667929,0.011177508746942441,0.012511928745626127,0.011396794766415953,0.013501939644314575,0.015414565647539414,0.01566398669254228,0.014860163994798755
7011,0,0,116826,0,-2696,121141,149682,28541,1015,142671,0.007114269893671454,0.007383063283399572,0.007012202730017718,0.007169845302362914,0.8036624543397057,0.809455598308507,0.8205600216172397,0.8112260247551508
6058,12176,0,164613,0,3483,186330,280596,94266,35981,274538,0.13106018110425516,0.06133249447184109,0.06661456173371189,0.08633574576993604,0.6522255630776042,0.6990387553173988,0.6862959078834596,0.6791867420928209
8024,0,0,15201,0,4936,28161,79101,50940,44,71077,0.0006190469490833884,0.0008736974449677158,0.0006443834705246529,0.0007123759548585857,0.22982718737243163,0.24500554938956715,0.23875090718490444,0.23786121464896773
6326,0,0,11074,0,5709,23109,193956,170847,2232,187630,0.011895752278420295,0.014357836986021538,0.012327773749093546,0.012860454337845125,0.06087257655795648,0.07570567641343223,0.07488785512543612,0.0704887026989416
196,0,0,0,0,1091,1287,25676,24389,157,25480,0.006161695447409733,0.006187551562929691,0.007415012548482774,0.0065880865196074,0,0,0,0
234,0,0,0,0,4573,4807,47361,42554,81,47127,0.0017187599465274684,0.0023805981252789763,0.002468485666326564,0.002189281246044336,0,0,0,0
12672,0,0,5550,0,5318,23540,124657,101117,1148,111985,0.010251372951734608,0.01225771030268309,0.011469515574055698,0.011326199609491133,0.05203108740285187,0.059572837850780574,0.06227462578151348,0.05795951701171531
27640,0,0,0,0,-534,27106,43744,16638,0,16104,0,0,0,0,0,0,0,0
53540,0,0,275,511,8609,62935,339710,276775,333,286170,0.0011636439878393962,0.0018736160790325327,0.0020824183313392602,0.0017065594660703963,0.0028318099444806727,0.004137305146273756,0.003921328818327053,0.003630147969693827
61216,0,0,797,0,276,62289,170586,108297,33,109370,0.00030172807899789706,0.0004134427972358396,0.0004104091931659269,0.0003751933564665545,0.007305626340587017,0.009908144689484581,0.0102113368530929,0.0091417026277215
238,0,0,0,0,379,617,13215,12598,0,12977,0,0,0,0,0,0,0,0
11330,0,0,22901,18691,6581,59503,276739,217236,2624,265409,0.009886627808401372,0.011885956251782619,0.01205036946035302,0.011274317840179003,0.1606935880198433,0.18887712038810442,0.1903210314830913,0.179963913297013
727,0,0,0,697,2021,3445,76172,72727,133,75445,0.0017628736165418517,0.0027150756059374937,0.0036857094990785724,0.0027212195738526394,0.009492808890825887,0.01028870980361474,0.009829049780139676,0.009870189491526767
661,0,0,38445,25395,1869,66370,100026,33656,3082,99365,0.031016957681276103,0.03551175251280848,0.03824492468893255,0.03492454496100571,0.6547960941987364,0.6928310263776443,0.6839461198348928,0.6771910801370912
2062,0,0,86295,48687,2393,139437,173082,33645,23,171020,0.00013448719448017776,0.00022518219286513634,0.00030001243954017607,0.0002198939422951634,0.8004767919728157,0.8010415807843461,0.7975627769571639,0.7996937165714418
2447,0,0,5209,26682,1191,35529,54089,18560,1659,51642,0.03212501452306262,0.034526277832867575,0.029854939217489017,0.03216874385780641,0.6321182929971656,0.6628135759960649,0.65346585908785,0.6494659093603602
14547,0,0,4898,47460,11054,77959,202102,124143,385,187555,0.002052731198848338,0.0023822880164356018,0.0027657781055737012,0.0024002657736192138,0.2966442116475261,0.2943855568972971,0.29561655495265454,0.29554877449915923
1427,0,0,60230,4212,5219,71088,75991,4903,0,74564,0,0,0,0,0.9292955512293605,0.940287897636396,0.9413437742400177,0.936975741035258
5552,0,0,451,76064,0,82067,94718,12651,0,89166,0,0,0,0,0.8581185653724513,0.8564158338634544,0.8634113411341134,0.8593152467900064
16484,0,0,0,36120,0,52604,66132,13528,0,49648,0,0,0,0,0.7275217531421205,0.6923360920530413,0.6153045740299155,0.6783874730750258
23358,0,0,11059,129625,3066,167108,302256,135148,682,278898,0.0024453384391426255,0.002878438399512,0.0026181810061853827,0.002647319281613336,0.5100350938252269,0.5097573647588943,0.5452323016396425,0.5216749200745879
22115,0,0,175800,72600,145,270660,273455,2795,41,251340,0.00016312564653457468,0.00017750264867233566,0.00014385190446435396,0.00016149339989042144,0.9888731861701069,0.9876834381551363,0.9874507730700132,0.9880024657984188
16110,0,0,4027,84570,-298,104409,116099,11690,0,99989,0,0,0,0,0.8834345428619861,0.8998702364873812,0.8717996886908915,0.8850348226800863
23221,0,0,0,0,-538,22683,247553,224870,3225,224332,0.01437601412192643,0.017733114664122786,0.015396491312712207,0.01583520669958714,0,0,0,0
21944,0,0,24974,87705,16277,150900,182120,31220,385,160176,0.0024036060333633004,0.003650582470714216,0.0047693007640294315,0.0036078297560356493,0.7830422727051612,0.7811565347811215,0.7497933434848815,0.7713307169903881
5555,0,0,83676,18581,2500,110312,117045,6733,572,111490,0.005130504978024935,0.005318747235438176,0.00494165941592486,0.005130303876462657,0.9382236902468116,0.9464904332995789,0.9449003516998827,0.9432048250820911
4792,0,0,62066,9194,-471,75581,141769,66188,13673,136977,0.09981967775611963,0.10868147561146745,0.08220449985906852,0.0969018844088852,0.5184506140504045,0.5180084320417587,0.5376900146576854,0.5247163535832828
3676,0,0,694,20093,0,24463,135360,110897,4006,131684,0.03042131162479876,0.03127420437529045,0.029711446304446946,0.030468987434845385,0.15785516843352268,0.12721389352656673,0.11253687178389646,0.1325353112479953
115,0,0,167000,0,0,167115,545725,378610,12033,545610,0.022054214548853576,0.024906930346268813,0.028731861685705466,0.025231002193609284,0.3060794340279687,0.33308877649793034,0.3282166563754245,0.32246162230044123
3,0,0,48830,0,54,48887,120930,72043,17580,120927,0.14537696296112532,0.14979947673839636,0.17257937011408997,0.15591860327120388,0.4039777286904437,0.4147175649876494,0.4120130568206251,0.41023611683290606
326,0,0,0,372106,0,372432,423909,51477,42918.584559401825,423583,0.10132272673691302,0.11627436380999047,0.11169525622021527,0.10976411558903959,0.8784724599429156,0.8655300347581638,0.8557047656639402,0.8665690867883398
0,0,0,0,155452,0,155452,188300,32848,27316.678233965948,188300,0.14506998531049362,0.16620695030716334,0.17541556532424935,0.1622308336473021,0.825554965480616,0.8026960541848854,0.7700658608959977,0.7994389601871664
3568,0,0,0,140581,0,144149,190618,46469,18667.334487875145,187050,0.09979863399024402,0.11151209049321953,0.10707709985023206,0.10612927477789853,0.7515690991713445,0.7274567514871527,0.721134871081492,0.733386907246663
475,0,0,69820,0,0,70295,104925,34630,3847,104450,0.036831019626615606,0.04131167493680367,0.03924872779216142,0.039130474118526895,0.6684538056486357,0.6543394813219736,0.683465761985537,0.6687530163187154
4516,0,0,0,0,0,4516,64373,59857,0,59857,0,0,0,0,0,0,0,0
544,0,0,2500,0,0,3044,304566,301522,1461,304022,0.004805573280880989,0.00595411462190748,0.00703279150615428,0.005930826469647582,0.00822308911855063,0.00830080969301567,0.009630743211500517,0.00871821400768894
261,0,0,78609,0,0,78870,98861,19991,4852,98600,0.04920892494929006,0.04871083456193915,0.04472032785835495,0.04754669578986139,0.7972515212981744,0.7977734180007198,0.8538564979348766,0.816293812411257
11493,0,0,1322,0,0,12815,47169,34354,0,35676,0,0,0,0,0.03705572373584483,0.05653775892497755,0.08528746998163582,0.059626984214152724
9120,0,0,6167,0,0,15287,41533,26246,1809,32413,0.055810940054916235,0.06662690636448837,0.043707741798778725,0.055381862739394445,0.1902631660136365,0.212447814603391,0.30071465721495577,0.23447521261066107
17529,0,0,37287,0,0,54816,177494,122678,2345,159965,0.014659456756165411,0.01712451799870668,0.018159642227944167,0.01664787232760542,0.23309473947426,0.23694904158583416,0.2840812161698939,0.25137499907666266
2072,0,0,3121,0,0,5193,33760,28567,3108,31688,0.09808129260287807,0.10690440060698027,0.11248300860897145,0.1058229006062766,0.09849154253976268,0.09764795144157815,0.08760006041383477,0.09457985146505854
5097,0,0,6863,0,0,11960,44768,32808,3439,39671,0.08668800887298027,0.11422680412371133,0.07364463167841254,0.0915198148917014,0.1729979077915858,0.23017806935332707,0.29505098625930154,0.23274232113473814
3208,0,0,269233,0,0,272441,327365,54924,21680,324157,0.06688117177787306,0.07145523070730726,0.05805251009809579,0.06546297086109203,0.8305635849295249,0.832584434117604,0.8594229659549913,0.8408569950007068
1062,0,0,13731,0,-855,13938,32173,18235,6496,31111,0.20880074571694898,0.2079004968210402,0.15704273398250945,0.19124799217349953,0.4295501470312207,0.44437097040833196,0.5178368412966662,0.46391931957873966
2041,0,0,1256,0,0,3297,48729,45432,0,46688,0,0,0,0,0.026901987662782727,0.021313261866747764,0.04883100857186928,0.03234875270046659
2850,0,0,142541,0,0,145391,231911,86520,7339,229061,0.032039500395091264,0.030964679603518078,0.03552011769310203,0.03284143256390379,0.6222840204137763,0.6203592535715947,0.6092645595703448,0.6173026111852385
14988,0,0,5578,139014,15,159595,313090,153495,26929,298102,0.09033485182923966,0.10363644797935284,0.09423109298714903,0.09606746426524719,0.4850664403345332,0.4467484817813765,0.46438762431352737,0.4654008488098124
10944,1785,0,396491,0,0,409220,860098,450878,73543,849154,0.0866073762827473,0.07667188226943022,0.08783837918498563,0.08370587924572104,0.469026819634601,0.4814123230277898,0.4654810667895164,0.47197340315063574
5282,0,0,132615,0,0,137897,297914,160017,4690,292632,0.016026955356898766,0.017545019241502893,0.015863124978627526,0.016478366525676396,0.4531801033379808,0.4670250580182721,0.49174547568477406,0.47065021234700904
0,0,0,547406,0,0,547406,547406,0,0,547406,0,0,0,0,1,1,1,1
22883,0,0,23056,0,0,45939,320554,274615,6626,297671,0.022259474386151154,0.02421459867623753,0.023142481091929103,0.02320551805143926,0.07745463951812571,0.07912665858736521,0.08752777212848663,0.08136969007799251
0,0,0,0,48333,0,48333,52019,3686,0,52019,0,0,0,0,0.9291412753032546,0.9303264455634659,0.9340362530510984,0.9311679913059395
28042,0,0,1072,4781,0,33895,105862,71967,12426,77820,0.15967617579028529,0.19261230142059158,0.1953216374269006,0.18253670487925913,0.07521202775636084,0.07120073441316965,0.0710260499734184,0.07247960404764962
7028,0,0,3165,0,0,10193,189327,179134,8377,182299,0.045951979988919305,0.0519435399267,0.051313374007882946,0.04973629797450075,0.01736158728243161,0.016989795223238006,0.015934614761621942,0.016761999089097188
8979,0,0,5884,0,0,14863,147943,133080,10865,138964,0.07818571716415762,0.07211348431392642,0.07924960273528991,0.07651626807112465,0.04234190149966898,0.03874306460349295,0.03778345119480656,0.0396228057659895
3470,0,39053,3184,0,0,45707,132576,86869,18305,129106,0.14178272117484858,0.14092138651837832,0.1408561483365687,0.1411867520099319,0.327149783898502,0.3314378554021121,0.3396730035477609,0.332753547616125
6054,0,0,9195,0,0,15249,210397,195148,40691,204343,0.19913087309083258,0.21376117684381205,0.20742072109360382,0.20677092367608282,0.04499787122632045,0.044084644397184784,0.07857300803420063,0.05588517455256862
0,0,0,539,0,0,539,48457,47918,14604,48457,0.3013806054852756,0.2809000567262643,0.2880875202593193,0.2901227274902864,0.01112326392471676,0.011093136122024498,0.011217265205152266,0.011144555083964508
0,921631,0,0,0,0,921631,921631,0,0,921631,0,0,0,0,1,1,1,1
0,11542,0,0,0,0,11542,11542,0,0,11542,0,0,0,0,1,1,1,1
0,388877,0,0,0,0,388877,388877,0,0,388877,0,0,0,0,1,1,1,1
36,0,0,136452,0,0,136488,158307,21819,1801,158271,0.011379216660032476,0.00978167358744911,0.009044460664529847,0.01006845030400381,0.8621415167655477,0.873535966617668,0.8896004569832757,0.8750926467888305
0,273993,0,0,0,0,273993,273993,0,0,273993,0,0,0,0,1,1,1,1
572,61105,10067,274870,0,0,346614,395274,48660,61192,394702,0.15503341761632827,0.16750374858285283,0.14449836791411388,0.15567851137109834,0.8767171182309692,0.8756659067913349,0.8776426550184038,0.876675226680236
2729,0,13015,35620,0,0,51364,57203,5839,1100,54474,0.02019311965341264,0.021321961620469083,0.01939596462234168,0.0203036819654078,0.8928112494033851,0.8754371002132196,0.8736719757368832,0.8806401084511627
0,0,52913,35709,0,0,88622,97965,9343,0,97965,0,0,0,0,0.9046292043076609,0.905531060374558,0.9162083226741707,0.9087895291187965
0,0,0,11880,0,0,11880,35422,23542,1640,35422,0.046298910281745806,0.04670006803983423,0.042811594202898554,0.04527019084149286,0.33538478911410985,0.34214758458588485,0.3547246376811594,0.34408567046038474
0,0,0,56374,0,0,56374,62144,5770,1757,62144,0.02827304325437693,0.028885958163900795,0.02195052421526084,0.02636984187784619,0.9071511328527292,0.9072242370956516,0.9122929270533084,0.9088894323338964
0,0,0,61371,0,0,61371,61371,0,0,61371,0,0,0,0,1,1,1,1
,,,,,,,,0,0,0,,0,0,0,,,,
1722169,1671535,115048,5415523,1614782,144558,10683615,19551489,8867874,581430.597281243,17829320,0.03261092387602236,0.035498707124990786,0.03546613130855626,0.0345252541031898,0.49855847650084295,0.5309662368278537,0.5379299928993658,0.5224849020760208
,,,,668139,,,,,,,,,,,,,,
,,,,0.09362811822276938,,,,,,,,,,,,,,
