exportacao_de_bens_e_servicos_1,consumo_do_governo,consumo_das_isflsf,consumo_das_familias,formacao_bruta_de_capital_fixo,variacao_de_estoque,demanda_final,demanda_total,consumo_intermediario_total,consumo_intermediario_adm_publica,demanda_total_export,compras_adm_publica,consumo_final_proxy_debitos_cbs,ajuste_variacao_de_estoques
1979,70,0,1409,0,12245,15703,50589,34886,216,48610,0.004443530137831722,0.2823287389426044,
22656,53,0,9779,0,30117,62605,125926,63321,288,103270,0.0027888060424130917,0.38684032148736325,
18609,0,0,11,0,-830,17790,34790,17000,0,16181,0,-0.050614918731845995,
3,0,0,2318,0,0,2321,82968,80647,0,82965,0,0.027939492557102392,
213948,0,0,309,0,9032,223289,345837,122548,0,131889,0,0.07082470865652177,
3981,53,0,100772,0,-883,103923,142742,38819,2189,138761,0.015775325920107233,0.7202456021504602,
5,0,0,4157,356,0,4518,20560,16042,38,20555,0.00184869861347604,0.219557285332036,
31487,0,0,936,189,-1687,30925,40217,9292,6,8730,0.0006872852233676976,-0.06437571592210767,
4124,8,0,48240,255,0,52627,59464,6837,514,55340,0.009288037585833032,0.8764546440187929,
1972,0,0,1358,27970,-1012,30288,141489,111201,311,139517,0.0022291190320892795,0.2029573456998072,
0,0,0,19981,0,0,19981,60234,40253,0,60234,0,0.3317229471726932,
23,0,0,449,82,0,554,18220,17666,0,18197,0,0.029180634170467658,
1737,3,0,18764,228,8,20740,61667,40927,240,59930,0.004004672117470382,0.3170866010345403,
5591,0,0,13410,1990,-1156,19835,47264,27429,23,41673,0.0005519161087514698,0.3418040457850407,
1602,5,0,23478,0,0,25085,31583,6498,455,29981,0.015176278309596078,0.7832627330642741,
2,0,0,0,0,-399,-397,20227,20624,0,20225,0,-0.01972805933250927,
3868,0,0,0,0,1585,5453,43397,37944,173,39529,0.004376533684130639,0.04009714386905816,
165133,0,0,0,16433,-12672,168894,406473,237579,0,241340,0,0.015583823651280351,
239133,0,0,0,0,-7701,231432,309554,78122,0,70421,0,-0.10935658397353062,
21903,0,0,0,0,-3347,18556,40273,21717,0,18370,0,-0.18219923788786063,
58308,64,0,191200,0,2316,251888,311329,59441,5765,253021,0.022784670047150235,0.7650748356855755,
13319,0,0,17042,0,-50,30311,44612,14301,132,31293,0.00421819576263062,0.5429968363531781,
43656,0,0,63252,0,-35,106873,123803,16930,1276,80147,0.01592074562990505,0.7887631477160717,
1721,0,0,12056,0,41,13818,15653,1835,283,13932,0.020312948607522252,0.868288831467126,
15,18,0,22370,0,25,22428,43208,20780,2392,43193,0.05537934387516496,0.5189035260343111,
588,9,0,105020,0,-176,105441,122690,17249,880,122102,0.007207089154968796,0.8587328626885719,
49456,0,0,11834,0,981,62271,83821,21550,504,34365,0.014666084679179398,0.3729084824676269,
15997,22,0,39656,0,-1679,53996,63043,9047,2024,47046,0.04302172341963185,0.8076988479360626,
52165,0,0,43840,0,579,96584,194253,97669,632,142088,0.004447947750689713,0.31261612521817467,
3076,5,0,25230,0,-727,27584,31989,4405,433,28913,0.014975962369868225,0.8476463874381766,
1548,16,0,40671,0,1145,43380,47980,4600,1451,46432,0.03125,0.9009303928325293,
2001,15,0,44122,0,4120,50258,94958,44700,364,92957,0.003915789020730015,0.5191325021246382,
2282,0,0,22500,0,2464,27246,92811,65565,212,90529,0.0023417910282892774,0.27575693976515814,
7496,45,0,228130,0,4578,240249,274261,34012,7144,266765,0.02678012482896932,0.8725020148820123,
4193,0,0,110046,0,1699,115938,189520,73582,568,185327,0.0030648529356219006,0.6029612522730093,
7758,0,0,41410,0,-81,49087,51078,1991,0,43320,0,0.9540397045244691,
441,0,0,117,0,2178,2736,25836,23100,0,25395,0,0.09037212049616067,
1638,0,0,2240,0,4536,8414,49414,41000,4,47776,8.372404554588077e-05,0.14182853315472205,
1740,0,0,57378,0,2341,61459,83664,22205,242,81924,0.0029539573263024266,0.7289561056589033,
2435,40,0,163690,0,-1467,164698,180698,16000,3047,178263,0.01709272255038903,0.9102449751210291,
13382,0,0,71520,0,-833,84069,96833,12764,38,83451,0.00045535703586535814,0.8470479682688045,
22992,0,0,4105,125,1940,29162,76026,46864,179,53034,0.0033751932722404497,0.11634046083644455,
36323,0,0,0,0,-2451,33872,49440,15568,0,13117,0,-0.1868567507814287,
10595,0,0,24191,0,-99,34687,158284,123597,3116,147689,0.021098389182674402,0.16312657002214112,
224,0,0,830,0,17,1071,39300,38229,2625,39076,0.06717678370355205,0.021675708875012797,
3091,0,0,945,0,383,4419,23582,19163,637,20491,0.03108681860328925,0.06480894051046801,
0,0,0,209837,0,0,209837,237737,27900,3193,237737,0.013430807993707333,0.8826434252977029,
621,0,0,0,0,1125,1746,36708,34962,0,36087,0,0.03117466123534791,
29521,0,0,0,0,882,30403,58615,28212,0,29094,0,0.030315528975046403,
0,0,0,9280,0,0,9280,249686,240406,878,249686,0.003516416619273808,0.037166681351777836,
7816,0,0,50709,0,-735,57790,414151,356361,1104,406335,0.0027169699878179334,0.12298719037247591,
5755,0,0,70785,0,-1335,75205,178587,103382,1899,172832,0.01098754860211072,0.40183530827624514,
4865,0,0,37,0,82,4984,183468,178484,834,178603,0.004669574419242678,0.0006662822013068089,
1178,0,0,0,0,116,1294,158309,157015,6,157131,3.8184699390954045e-05,0.0007382375215584449,
15428,0,0,0,0,3602,19030,165581,146551,344,150153,0.0022909965168861094,0.023988864691348158,
14236,0,0,0,0,5848,20084,165110,145026,0,150874,0,0.038760820287127004,
1856,0,0,934,0,5144,7934,117999,110065,0,116143,0,0.05233203895198161,
10797,0,0,837,0,2452,14086,72392,58306,3393,61595,0.05508564006818735,0.05339719133046514,
1450,0,0,536,0,965,2951,42113,39162,427,40663,0.01050094680667929,0.03691316430169933,
7011,0,0,116826,0,-2696,121141,149682,28541,1015,142671,0.007114269893671454,0.7999523378962788,
6058,12176,0,164613,0,3483,186330,280596,94266,35981,274538,0.13106018110425516,0.6566376967851445,
8024,0,0,15201,0,4936,28161,79101,50940,44,71077,0.0006190469490833884,0.28331246394754983,
6326,0,0,11074,0,5709,23109,193956,170847,2232,187630,0.011895752278420295,0.0894473165272078,
196,0,0,0,0,1091,1287,25676,24389,157,25480,0.006161695447409733,0.04281789638932496,
234,0,0,0,0,4573,4807,47361,42554,81,47127,0.0017187599465274684,0.09703566957370509,
12672,0,0,5550,0,5318,23540,124657,101117,1148,111985,0.010251372951734608,0.0970487118810555,
27640,0,0,0,0,-534,27106,43744,16638,0,16104,0,-0.03315946348733234,
53540,0,0,275,511,8609,62935,339710,276775,333,286170,0.0011636439878393962,0.032830135933186566,
61216,0,0,797,0,276,62289,170586,108297,33,109370,0.00030172807899789706,0.009810734204992228,
238,0,0,0,0,379,617,13215,12598,0,12977,0,0.029205517453957,
11330,0,0,22901,18691,6581,59503,276739,217236,2624,265409,0.009886627808401372,0.18150477188038083,
727,0,0,0,697,2021,3445,76172,72727,133,75445,0.0017628736165418517,0.03602624428391543,
661,0,0,38445,25395,1869,66370,100026,33656,3082,99365,0.031016957681276103,0.6612891863332159,
2062,0,0,86295,48687,2393,139437,173082,33645,23,171020,0.00013448719448017776,0.8032686235528008,
2447,0,0,5209,26682,1191,35529,54089,18560,1659,51642,0.03212501452306262,0.6406026102784556,
14547,0,0,4898,47460,11054,77959,202102,124143,385,187555,0.002052731198848338,0.3380981578736904,
1427,0,0,60230,4212,5219,71088,75991,4903,0,74564,0,0.9342444074888686,
5552,0,0,451,76064,0,82067,94718,12651,0,89166,0,0.8581185653724513,
16484,0,0,0,36120,0,52604,66132,13528,0,49648,0,0.7275217531421205,
23358,0,0,11059,129625,3066,167108,302256,135148,682,278898,0.0024453384391426255,0.5154214085436253,
22115,0,0,175800,72600,145,270660,273455,2795,41,251340,0.00016312564653457468,0.9888796053155089,
16110,0,0,4027,84570,-298,104409,116099,11690,0,99989,0,0.8830871395853543,
23221,0,0,0,0,-538,22683,247553,224870,3225,224332,0.01437601412192643,-0.0023982311930531536,
21944,0,0,24974,87705,16277,150900,182120,31220,385,160176,0.0024036060333633004,0.805089401658176,
5555,0,0,83676,18581,2500,110312,117045,6733,572,111490,0.005130504978024935,0.9396089335366401,
4792,0,0,62066,9194,-471,75581,141769,66188,13673,136977,0.09981967775611963,0.5167947903662659,
3676,0,0,694,20093,0,24463,135360,110897,4006,131684,0.03042131162479876,0.15785516843352268,
115,0,0,167000,0,0,167115,545725,378610,12033,545610,0.022054214548853576,0.3060794340279687,
3,0,0,48830,0,54,48887,120930,72043,17580,120927,0.14537696296112532,0.4042438826730176,
326,0,0,0,372106,0,372432,423909,51477,42918.584559401825,423583,0.10132272673691302,0.8784724599429156,
0,0,0,0,155452,0,155452,188300,32848,27316.678233965948,188300,0.14506998531049362,0.825554965480616,
3568,0,0,0,140581,0,144149,190618,46469,18667.334487875145,187050,0.09979863399024402,0.7515690991713445,0.24843090082865543
475,0,0,69820,0,0,70295,104925,34630,3847,104450,0.036831019626615606,0.6684538056486357,
4516,0,0,0,0,0,4516,64373,59857,0,59857,0,0,
544,0,0,2500,0,0,3044,304566,301522,1461,304022,0.004805573280880989,0.00822308911855063,
261,0,0,78609,0,0,78870,98861,19991,4852,98600,0.04920892494929006,0.7972515212981744,
11493,0,0,1322,0,0,12815,47169,34354,0,35676,0,0.03705572373584483,
9120,0,0,6167,0,0,15287,41533,26246,1809,32413,0.055810940054916235,0.1902631660136365,
17529,0,0,37287,0,0,54816,177494,122678,2345,159965,0.014659456756165411,0.23309473947426,
2072,0,0,3121,0,0,5193,33760,28567,3108,31688,0.09808129260287807,0.09849154253976268,
5097,0,0,6863,0,0,11960,44768,32808,3439,39671,0.08668800887298027,0.1729979077915858,
3208,0,0,269233,0,0,272441,327365,54924,21680,324157,0.06688117177787306,0.8305635849295249,
1062,0,0,13731,0,-855,13938,32173,18235,6496,31111,0.20880074571694898,0.41387290668895244,
2041,0,0,1256,0,0,3297,48729,45432,0,46688,0,0.026901987662782727,
2850,0,0,142541,0,0,145391,231911,86520,7339,229061,0.032039500395091264,0.6222840204137763,
14988,0,0,5578,139014,15,159595,313090,153495,26929,298102,0.09033485182923966,0.4850923509402822,
10944,1785,0,396491,0,0,409220,860098,450878,73543,849154,0.0866073762827473,0.469026819634601,
5282,0,0,132615,0,0,137897,297914,160017,4690,292632,0.016026955356898766,0.4531801033379808,
0,0,0,547406,0,0,547406,547406,0,0,547406,0,1,
22883,0,0,23056,0,0,45939,320554,274615,6626,297671,0.022259474386151154,0.07745463951812571,
0,0,0,0,48333,0,48333,52019,3686,0,52019,0,0.9291412753032546,
28042,0,0,1072,4781,0,33895,105862,71967,12426,77820,0.15967617579028529,0.07521202775636084,
7028,0,0,3165,0,0,10193,189327,179134,8377,182299,0.045951979988919305,0.01736158728243161,
8979,0,0,5884,0,0,14863,147943,133080,10865,138964,0.07818571716415762,0.04234190149966898,
3470,0,39053,3184,0,0,45707,132576,86869,18305,129106,0.14178272117484858,0.327149783898502,
6054,0,0,9195,0,0,15249,210397,195148,40691,204343,0.19913087309083258,0.04499787122632045,
0,0,0,539,0,0,539,48457,47918,14604,48457,0.3013806054852756,0.01112326392471676,
0,921631,0,0,0,0,921631,921631,0,0,921631,0,1,
0,11542,0,0,0,0,11542,11542,0,0,11542,0,1,
0,388877,0,0,0,0,388877,388877,0,0,388877,0,1,
36,0,0,136452,0,0,136488,158307,21819,1801,158271,0.011379216660032476,0.8621415167655477,
0,273993,0,0,0,0,273993,273993,0,0,273993,0,1,
572,61105,10067,274870,0,0,346614,395274,48660,61192,394702,0.15503341761632827,0.8767171182309692,
2729,0,13015,35620,0,0,51364,57203,5839,1100,54474,0.02019311965341264,0.8928112494033851,
0,0,52913,35709,0,0,88622,97965,9343,0,97965,0,0.9046292043076609,
0,0,0,11880,0,0,11880,35422,23542,1640,35422,0.046298910281745806,0.33538478911410985,
0,0,0,56374,0,0,56374,62144,5770,1757,62144,0.02827304325437693,0.9071511328527292,
0,0,0,61371,0,0,61371,61371,0,0,61371,0,1,
,,,,,,,,0,0,0,,,
1722169,1671535,115048,5415523,1614782,144558,10683615,19551489,8867874,581430.597281243,17829320,0.03261092387602236,0.5026241045648404,
,,,,668139,,,,,,,,,
,,,,0.09362811822276938,,,,,,,,,
